trade_num,direction,entry_time_utc,entry,stop_loss,take_profit,pnl,result,signal,entry_time_hk
1,SHORT,2025-11-27T01:35:00,4153.42,4168.08,4124.1,-200.0,LOSS,ICT_Setup01,2025-11-27 09:35:00 HKT
2,LONG,2025-12-01T09:40:00,4247.63,4238.39,4266.11,-200.0,LOSS,ICT_Setup01,2025-12-01 17:40:00 HKT
3,SHORT,2025-12-01T20:05:00,4235.75,4243.77,4219.71,400.0,WIN,ICT_Setup01,2025-12-02 04:05:00 HKT
4,SHORT,2025-12-02T02:10:00,4219.09,4229.74,4197.79,400.0,WIN,ICT_Setup01,2025-12-02 10:10:00 HKT
5,SHORT,2025-12-02T16:20:00,4176.44,4230.55,4068.22,-200.0,LOSS,ICT_Setup01,2025-12-03 00:20:00 HKT
6,LONG,2025-12-03T02:25:00,4223.26,4213.14,4243.5,-200.0,LOSS,ICT_Setup01,2025-12-03 10:25:00 HKT
7,SHORT,2025-12-03T18:30:00,4205.69,4215.41,4186.25,-200.0,LOSS,ICT_Setup01,2025-12-04 02:30:00 HKT
8,SHORT,2025-12-04T02:15:00,4203.36,4216.81,4176.46,400.0,WIN,ICT_Setup01,2025-12-04 10:15:00 HKT
9,SHORT,2025-12-04T02:30:00,4202.28,4216.81,4173.22,-200.0,LOSS,ICT_Setup01,2025-12-04 10:30:00 HKT
10,SHORT,2025-12-05T02:30:00,4198.43,4204.65,4185.99,-200.0,LOSS,ICT_Setup01,2025-12-05 10:30:00 HKT
11,SHORT,2025-12-05T02:35:00,4198.74,4204.65,4186.92,-200.0,LOSS,ICT_Setup01,2025-12-05 10:35:00 HKT
12,LONG,2025-12-05T09:55:00,4223.45,4215.7,4238.95,400.0,WIN,ICT_Setup01,2025-12-05 17:55:00 HKT
13,LONG,2025-12-05T14:35:00,4232.83,4221.31,4255.87,400.0,WIN,ICT_Setup01,2025-12-05 22:35:00 HKT
14,SHORT,2025-12-08T15:25:00,4191.89,4211.56,4152.55,-200.0,LOSS,ICT_Setup01,2025-12-08 23:25:00 HKT
15,SHORT,2025-12-08T15:30:00,4189.29,4211.56,4144.75,-200.0,LOSS,ICT_Setup01,2025-12-08 23:30:00 HKT
16,SHORT,2025-12-08T19:35:00,4187.57,4192.04,4178.63,-200.0,LOSS,ICT_Setup01,2025-12-09 03:35:00 HKT
17,LONG,2025-12-09T20:25:00,4210.67,4207.1,4217.81,-200.0,LOSS,ICT_Setup01,2025-12-10 04:25:00 HKT
18,SHORT,2025-12-10T07:05:00,4207.5,4214.34,4193.82,400.0,WIN,ICT_Setup01,2025-12-10 15:05:00 HKT
19,LONG,2025-12-11T20:50:00,4274.18,4264.43,4293.68,400.0,WIN,ICT_Setup01,2025-12-12 04:50:00 HKT
20,LONG,2025-12-12T01:55:00,4270.9,4264.48,4283.74,400.0,WIN,ICT_Setup01,2025-12-12 09:55:00 HKT
21,LONG,2025-12-12T07:40:00,4287.56,4266.15,4330.38,400.0,WIN,ICT_Setup01,2025-12-12 15:40:00 HKT
22,LONG,2025-12-15T19:15:00,4314.21,4299.87,4342.89,-200.0,LOSS,ICT_Setup01,2025-12-16 03:15:00 HKT
23,SHORT,2025-12-16T02:05:00,4310.31,4317.81,4295.31,400.0,WIN,ICT_Setup01,2025-12-16 10:05:00 HKT
24,LONG,2025-12-16T14:35:00,4328.77,4273.74,4438.83,400.0,WIN,ICT_Setup01,2025-12-16 22:35:00 HKT
25,LONG,2025-12-16T14:40:00,4326.32,4273.74,4431.48,400.0,WIN,ICT_Setup01,2025-12-16 22:40:00 HKT
26,LONG,2025-12-16T15:00:00,4329.61,4273.74,4441.35,400.0,WIN,ICT_Setup01,2025-12-16 23:00:00 HKT
27,LONG,2025-12-17T16:55:00,4333.59,4320.5,4359.77,-200.0,LOSS,ICT_Setup01,2025-12-18 00:55:00 HKT
28,LONG,2025-12-18T02:15:00,4334.08,4324.56,4353.12,-200.0,LOSS,ICT_Setup01,2025-12-18 10:15:00 HKT
29,LONG,2025-12-18T16:55:00,4360.41,4308.51,4464.21,400.0,WIN,ICT_Setup01,2025-12-19 00:55:00 HKT
30,SHORT,2025-12-18T19:30:00,4331.5,4341.33,4311.84,400.0,WIN,ICT_Setup01,2025-12-19 03:30:00 HKT
31,LONG,2025-12-18T20:45:00,4335.72,4322.81,4361.54,-200.0,LOSS,ICT_Setup01,2025-12-19 04:45:00 HKT
32,SHORT,2025-12-19T01:55:00,4323.3,4336.92,4296.06,-200.0,LOSS,ICT_Setup01,2025-12-19 09:55:00 HKT
33,SHORT,2025-12-19T03:30:00,4321.44,4328.03,4308.26,-200.0,LOSS,ICT_Setup01,2025-12-19 11:30:00 HKT
34,SHORT,2025-12-19T08:20:00,4323.53,4329.7,4311.19,-200.0,LOSS,ICT_Setup01,2025-12-19 16:20:00 HKT
35,LONG,2025-12-19T09:55:00,4329.57,4324.37,4339.97,-200.0,LOSS,ICT_Setup01,2025-12-19 17:55:00 HKT
36,LONG,2025-12-22T04:00:00,4394.89,4378.43,4427.81,400.0,WIN,ICT_Setup01,2025-12-22 12:00:00 HKT
37,LONG,2025-12-23T02:50:00,4490.56,4481.15,4509.38,-200.0,LOSS,ICT_Setup01,2025-12-23 10:50:00 HKT
38,LONG,2025-12-24T01:35:00,4522.08,4506.86,4552.52,-200.0,LOSS,ICT_Setup01,2025-12-24 09:35:00 HKT
39,LONG,2025-12-24T07:05:00,4492.04,4485.28,4505.56,-200.0,LOSS,ICT_Setup01,2025-12-24 15:05:00 HKT
40,LONG,2025-12-24T07:10:00,4493.47,4485.28,4509.85,-200.0,LOSS,ICT_Setup01,2025-12-24 15:10:00 HKT
41,LONG,2025-12-24T07:30:00,4491.84,4485.28,4504.96,-200.0,LOSS,ICT_Setup01,2025-12-24 15:30:00 HKT
42,LONG,2025-12-26T16:10:00,4538.85,4513.11,4590.33,-200.0,LOSS,ICT_Setup01,2025-12-27 00:10:00 HKT
43,SHORT,2025-12-29T07:20:00,4475.97,4519.36,4389.19,400.0,WIN,ICT_Setup01,2025-12-29 15:20:00 HKT
44,SHORT,2025-12-29T09:15:00,4465.92,4488.62,4420.52,400.0,WIN,ICT_Setup01,2025-12-29 17:15:00 HKT
45,SHORT,2025-12-30T19:45:00,4349.91,4378.74,4292.25,400.0,WIN,ICT_Setup01,2025-12-31 03:45:00 HKT
46,LONG,2026-01-02T03:55:00,4375.2,4344.97,4435.66,-200.0,LOSS,ICT_Setup01,2026-01-02 11:55:00 HKT
47,LONG,2026-01-05T02:45:00,4403.32,4388.47,4433.02,400.0,WIN,ICT_Setup01,2026-01-05 10:45:00 HKT
48,LONG,2026-01-05T09:10:00,4430.38,4419.43,4452.28,-200.0,LOSS,ICT_Setup01,2026-01-05 17:10:00 HKT
49,LONG,2026-01-05T14:30:00,4425.6,4396.27,4484.26,400.0,WIN,ICT_Setup01,2026-01-05 22:30:00 HKT
50,LONG,2026-01-06T15:20:00,4476.77,4464.46,4501.39,-200.0,LOSS,ICT_Setup01,2026-01-06 23:20:00 HKT
51,LONG,2026-01-07T02:25:00,4473.82,4459.5,4502.46,-200.0,LOSS,ICT_Setup01,2026-01-07 10:25:00 HKT
52,LONG,2026-01-07T20:10:00,4458.2,4445.27,4484.06,-200.0,LOSS,ICT_Setup01,2026-01-08 04:10:00 HKT
53,LONG,2026-01-08T15:25:00,4447.65,4418.98,4504.99,400.0,WIN,ICT_Setup01,2026-01-08 23:25:00 HKT
54,LONG,2026-01-09T07:00:00,4474.65,4458.22,4507.51,-200.0,LOSS,ICT_Setup01,2026-01-09 15:00:00 HKT
55,LONG,2026-01-09T07:15:00,4472.55,4458.22,4501.21,-200.0,LOSS,ICT_Setup01,2026-01-09 15:15:00 HKT
56,LONG,2026-01-09T19:05:00,4494.36,4481.98,4519.12,400.0,WIN,ICT_Setup01,2026-01-10 03:05:00 HKT
57,LONG,2026-01-12T19:40:00,4616.44,4600.52,4648.28,-200.0,LOSS,ICT_Setup01,2026-01-13 03:40:00 HKT
58,LONG,2026-01-13T08:45:00,4593.87,4577.4,4626.81,400.0,WIN,ICT_Setup01,2026-01-13 16:45:00 HKT
59,LONG,2026-01-13T20:55:00,4585.92,4563.26,4631.24,400.0,WIN,ICT_Setup01,2026-01-14 04:55:00 HKT
60,SHORT,2026-01-15T01:55:00,4600.07,4618.1,4564.01,-200.0,LOSS,ICT_Setup01,2026-01-15 09:55:00 HKT
61,SHORT,2026-01-15T08:20:00,4603.32,4613.63,4582.7,-200.0,LOSS,ICT_Setup01,2026-01-15 16:20:00 HKT
62,LONG,2026-01-15T14:45:00,4609.36,4582.48,4663.12,-200.0,LOSS,ICT_Setup01,2026-01-15 22:45:00 HKT
63,SHORT,2026-01-15T20:35:00,4606.99,4621.54,4577.89,400.0,WIN,ICT_Setup01,2026-01-16 04:35:00 HKT
64,LONG,2026-01-19T08:35:00,4668.84,4661.87,4682.78,-200.0,LOSS,ICT_Setup01,2026-01-19 16:35:00 HKT
65,LONG,2026-01-19T19:00:00,4674.8,4669.13,4686.14,-200.0,LOSS,ICT_Setup01,2026-01-20 03:00:00 HKT
66,LONG,2026-01-20T08:30:00,4720.88,4714.71,4733.22,400.0,WIN,ICT_Setup01,2026-01-20 16:30:00 HKT
67,LONG,2026-01-20T08:35:00,4719.81,4714.71,4730.01,400.0,WIN,ICT_Setup01,2026-01-20 16:35:00 HKT
68,LONG,2026-01-20T16:25:00,4741.28,4722.52,4778.8,400.0,WIN,ICT_Setup01,2026-01-21 00:25:00 HKT
69,LONG,2026-01-21T02:50:00,4829.96,4817.3,4855.28,400.0,WIN,ICT_Setup01,2026-01-21 10:50:00 HKT
70,LONG,2026-01-21T09:40:00,4866.39,4851.5,4896.17,-200.0,LOSS,ICT_Setup01,2026-01-21 17:40:00 HKT
71,LONG,2026-01-22T09:25:00,4829.55,4822.15,4844.35,-200.0,LOSS,ICT_Setup01,2026-01-22 17:25:00 HKT
72,LONG,2026-01-23T14:30:00,4942.8,4923.51,4981.38,400.0,WIN,ICT_Setup01,2026-01-23 22:30:00 HKT
73,LONG,2026-01-26T01:00:00,5043.14,4978.09,5173.24,400.0,WIN,ICT_Setup01,2026-01-26 09:00:00 HKT
74,LONG,2026-01-26T01:50:00,5078.0,5028.91,5176.18,-200.0,LOSS,ICT_Setup01,2026-01-26 09:50:00 HKT
75,LONG,2026-01-26T02:35:00,5085.12,5066.8,5121.76,-200.0,LOSS,ICT_Setup01,2026-01-26 10:35:00 HKT
76,LONG,2026-01-26T03:00:00,5081.76,5066.8,5111.68,-200.0,LOSS,ICT_Setup01,2026-01-26 11:00:00 HKT
77,LONG,2026-01-26T09:40:00,5091.5,5080.12,5114.26,-200.0,LOSS,ICT_Setup01,2026-01-26 17:40:00 HKT
78,LONG,2026-01-27T03:50:00,5074.66,5060.38,5103.22,-200.0,LOSS,ICT_Setup01,2026-01-27 11:50:00 HKT
79,LONG,2026-01-28T02:00:00,5207.46,5157.15,5308.08,400.0,WIN,ICT_Setup01,2026-01-28 10:00:00 HKT
80,LONG,2026-01-28T02:10:00,5209.99,5157.15,5315.67,400.0,WIN,ICT_Setup01,2026-01-28 10:10:00 HKT
81,LONG,2026-01-28T20:15:00,5338.69,5268.67,5478.73,400.0,WIN,ICT_Setup01,2026-01-29 04:15:00 HKT
82,SHORT,2026-01-30T02:35:00,5211.72,5450.96,4733.24,400.0,WIN,SB_FVG_Retrace,2026-01-30 10:35:00 HKT
83,SHORT,2026-01-30T07:45:00,5151.21,5186.33,5080.97,400.0,WIN,ICT_Setup01,2026-01-30 15:45:00 HKT
84,SHORT,2026-01-30T08:50:00,5110.54,5184.97,4961.68,400.0,WIN,ICT_Setup01,2026-01-30 16:50:00 HKT
85,SHORT,2026-01-30T09:00:00,5115.04,5184.97,4975.18,400.0,WIN,ICT_Setup01,2026-01-30 17:00:00 HKT
