time,open,high,low,close,PlotCandle (Open),PlotCandle (High,PlotCandle (Low),PlotCandle (Close)
2026-02-27T22:05:00+08:00,1.17952,1.1797,1.17941,1.17964,,1.1797,1.17941,1.17964
2026-02-27T22:10:00+08:00,1.17965,1.18008,1.17958,1.17997,,1.18008,1.17958,1.17997
2026-02-27T22:15:00+08:00,1.17998,1.18045,1.17988,1.1802,,1.18045,1.17988,1.1802
2026-02-27T22:20:00+08:00,1.18019,1.1803,1.18006,1.18012,,1.1803,1.18006,1.18012
2026-02-27T22:25:00+08:00,1.18011,1.18043,1.18001,1.18019,,1.18043,1.18001,1.18019
2026-02-27T22:30:00+08:00,1.1802,1.18094,1.18006,1.18089,,1.18094,1.18006,1.18089
2026-02-27T22:35:00+08:00,1.18095,1.18154,1.18095,1.18123,,1.18154,1.18095,1.18123
2026-02-27T22:40:00+08:00,1.18121,1.18146,1.18102,1.18135,,1.18146,1.18102,1.18135
2026-02-27T22:45:00+08:00,1.18133,1.18135,1.18064,1.18072,,1.18135,1.18064,1.18072
2026-02-27T22:50:00+08:00,1.18074,1.18093,1.18011,1.18013,,1.18093,1.18011,1.18013
2026-02-27T22:55:00+08:00,1.18015,1.18016,1.17957,1.17969,,1.18016,1.17957,1.17969
2026-02-27T23:00:00+08:00,1.1797,1.18044,1.17964,1.18013,,1.18044,1.17964,1.18013
2026-02-27T23:05:00+08:00,1.18012,1.18067,1.18008,1.18021,,1.18067,1.18008,1.18021
2026-02-27T23:10:00+08:00,1.18022,1.18062,1.18006,1.1801,,1.18062,1.18006,1.1801
2026-02-27T23:15:00+08:00,1.18011,1.18029,1.17979,1.18028,,1.18029,1.17979,1.18028
2026-02-27T23:20:00+08:00,1.18026,1.18069,1.18025,1.18056,,1.18069,1.18025,1.18056
2026-02-27T23:25:00+08:00,1.18057,1.18085,1.18037,1.18079,,1.18085,1.18037,1.18079
2026-02-27T23:30:00+08:00,1.18079,1.18123,1.18068,1.18109,,1.18123,1.18068,1.18109
2026-02-27T23:35:00+08:00,1.1811,1.18173,1.18104,1.18133,,1.18173,1.18104,1.18133
2026-02-27T23:40:00+08:00,1.18134,1.18149,1.18098,1.18124,,1.18149,1.18098,1.18124
2026-02-27T23:45:00+08:00,1.18126,1.18133,1.18041,1.18066,,1.18133,1.18041,1.18066
2026-02-27T23:50:00+08:00,1.18067,1.18086,1.18003,1.18065,,1.18086,1.18003,1.18065
2026-02-27T23:55:00+08:00,1.18064,1.18089,1.18059,1.18071,,1.18089,1.18059,1.18071
2026-02-28T00:00:00+08:00,1.18072,1.18143,1.18057,1.18137,,1.18143,1.18057,1.18137
2026-02-28T00:05:00+08:00,1.18138,1.1818,1.18138,1.18154,,1.1818,1.18138,1.18154
2026-02-28T00:10:00+08:00,1.18153,1.18174,1.18137,1.18167,,1.18174,1.18137,1.18167
2026-02-28T00:15:00+08:00,1.18164,1.18214,1.1816,1.18182,,1.18214,1.1816,1.18182
2026-02-28T00:20:00+08:00,1.18183,1.1819,1.18152,1.18161,,1.1819,1.18152,1.18161
2026-02-28T00:25:00+08:00,1.18162,1.18198,1.18158,1.18162,,1.18198,1.18158,1.18162
2026-02-28T00:30:00+08:00,1.18168,1.18229,1.18168,1.1822,,1.18229,1.18168,1.1822
2026-02-28T00:35:00+08:00,1.18221,1.18251,1.182,1.18234,,1.18251,1.182,1.18234
2026-02-28T00:40:00+08:00,1.18233,1.18235,1.18168,1.18172,,1.18235,1.18168,1.18172
2026-02-28T00:45:00+08:00,1.18173,1.18209,1.18171,1.18178,,1.18209,1.18171,1.18178
2026-02-28T00:50:00+08:00,1.18181,1.18216,1.18181,1.18214,,1.18216,1.18181,1.18214
2026-02-28T00:55:00+08:00,1.18219,1.18225,1.18201,1.18221,,1.18225,1.18201,1.18221
2026-02-28T01:00:00+08:00,1.18219,1.18229,1.18198,1.18212,,1.18229,1.18198,1.18212
2026-02-28T01:05:00+08:00,1.18213,1.1827,1.18202,1.18262,,1.1827,1.18202,1.18262
2026-02-28T01:10:00+08:00,1.18261,1.18266,1.18195,1.18203,,1.18266,1.18195,1.18203
2026-02-28T01:15:00+08:00,1.18203,1.18213,1.18192,1.18208,,1.18213,1.18192,1.18208
2026-02-28T01:20:00+08:00,1.18209,1.1821,1.18171,1.18186,,1.1821,1.18171,1.18186
2026-02-28T01:25:00+08:00,1.18185,1.18203,1.1818,1.18194,,1.18203,1.1818,1.18194
2026-02-28T01:30:00+08:00,1.18193,1.18235,1.18181,1.18233,,1.18235,1.18181,1.18233
2026-02-28T01:35:00+08:00,1.18232,1.18243,1.18218,1.18221,,1.18243,1.18218,1.18221
2026-02-28T01:40:00+08:00,1.18221,1.18228,1.18201,1.18219,,1.18228,1.18201,1.18219
2026-02-28T01:45:00+08:00,1.18219,1.18219,1.18185,1.18189,,1.18219,1.18185,1.18189
2026-02-28T01:50:00+08:00,1.18188,1.18191,1.1817,1.18172,,1.18191,1.1817,1.18172
2026-02-28T01:55:00+08:00,1.18171,1.1818,1.18157,1.18165,,1.1818,1.18157,1.18165
2026-02-28T02:00:00+08:00,1.18167,1.18179,1.18156,1.18157,,1.18179,1.18156,1.18157
2026-02-28T02:05:00+08:00,1.18156,1.18167,1.18141,1.18149,,1.18167,1.18141,1.18149
2026-02-28T02:10:00+08:00,1.18147,1.1816,1.18133,1.18134,,1.1816,1.18133,1.18134
2026-02-28T02:15:00+08:00,1.18134,1.18174,1.18134,1.18174,,1.18174,1.18134,1.18174
2026-02-28T02:20:00+08:00,1.18172,1.18176,1.18146,1.18162,,1.18176,1.18146,1.18162
2026-02-28T02:25:00+08:00,1.18161,1.18162,1.18121,1.18142,,1.18162,1.18121,1.18142
2026-02-28T02:30:00+08:00,1.18154,1.18156,1.18114,1.18146,,1.18156,1.18114,1.18146
2026-02-28T02:35:00+08:00,1.18147,1.18159,1.18133,1.1814,,1.18159,1.18133,1.1814
2026-02-28T02:40:00+08:00,1.18141,1.18158,1.18137,1.18158,,1.18158,1.18137,1.18158
2026-02-28T02:45:00+08:00,1.18157,1.18164,1.18147,1.18157,,1.18164,1.18147,1.18157
2026-02-28T02:50:00+08:00,1.18155,1.18173,1.18137,1.18172,,1.18173,1.18137,1.18172
2026-02-28T02:55:00+08:00,1.1817,1.18192,1.18167,1.18179,,1.18192,1.18167,1.18179
2026-02-28T03:00:00+08:00,1.18178,1.18201,1.18176,1.18185,,1.18201,1.18176,1.18185
2026-02-28T03:05:00+08:00,1.18183,1.18198,1.1817,1.18184,,1.18198,1.1817,1.18184
2026-02-28T03:10:00+08:00,1.18183,1.1819,1.18167,1.18177,,1.1819,1.18167,1.18177
2026-02-28T03:15:00+08:00,1.18178,1.18197,1.18177,1.18195,,1.18197,1.18177,1.18195
2026-02-28T03:20:00+08:00,1.18196,1.18223,1.18196,1.18212,,1.18223,1.18196,1.18212
2026-02-28T03:25:00+08:00,1.18213,1.18228,1.18209,1.18221,,1.18228,1.18209,1.18221
2026-02-28T03:30:00+08:00,1.18221,1.18224,1.18203,1.18219,,1.18224,1.18203,1.18219
2026-02-28T03:35:00+08:00,1.18221,1.18221,1.1821,1.1821,,1.18221,1.1821,1.1821
2026-02-28T03:40:00+08:00,1.18211,1.18213,1.18187,1.18199,,1.18213,1.18187,1.18199
2026-02-28T03:45:00+08:00,1.18201,1.18208,1.18192,1.18207,,1.18208,1.18192,1.18207
2026-02-28T03:50:00+08:00,1.18207,1.18216,1.18197,1.18209,,1.18216,1.18197,1.18209
2026-02-28T03:55:00+08:00,1.18208,1.18214,1.18188,1.18193,,1.18214,1.18188,1.18193
2026-02-28T04:00:00+08:00,1.18192,1.1823,1.18192,1.18229,,1.1823,1.18192,1.18229
2026-02-28T04:05:00+08:00,1.1823,1.18238,1.18218,1.18219,,1.18238,1.18218,1.18219
2026-02-28T04:10:00+08:00,1.1822,1.1823,1.18212,1.18227,,1.1823,1.18212,1.18227
2026-02-28T04:15:00+08:00,1.18229,1.18242,1.18225,1.18238,,1.18242,1.18225,1.18238
2026-02-28T04:20:00+08:00,1.18239,1.18239,1.18223,1.18223,,1.18239,1.18223,1.18223
2026-02-28T04:25:00+08:00,1.18222,1.1824,1.18221,1.18235,,1.1824,1.18221,1.18235
2026-02-28T04:30:00+08:00,1.18232,1.18259,1.18232,1.18257,,1.18259,1.18232,1.18257
2026-02-28T04:35:00+08:00,1.18257,1.1826,1.18242,1.18248,,1.1826,1.18242,1.18248
2026-02-28T04:40:00+08:00,1.18248,1.18257,1.18237,1.18243,,1.18257,1.18237,1.18243
2026-02-28T04:45:00+08:00,1.18244,1.18254,1.18237,1.1824,,1.18254,1.18237,1.1824
2026-02-28T04:50:00+08:00,1.18238,1.18247,1.18217,1.18225,,1.18247,1.18217,1.18225
2026-02-28T04:55:00+08:00,1.18223,1.18226,1.1815,1.18159,,1.18226,1.1815,1.18159
2026-02-28T05:00:00+08:00,1.18163,1.18163,1.18125,1.1814,,1.18163,1.18125,1.1814
2026-02-28T05:05:00+08:00,1.1814,1.18144,1.18131,1.18136,,1.18144,1.18131,1.18136
2026-02-28T05:10:00+08:00,1.18136,1.18153,1.18136,1.18142,,1.18153,1.18136,1.18142
2026-02-28T05:15:00+08:00,1.18142,1.18164,1.18133,1.1816,,1.18164,1.18133,1.1816
2026-02-28T05:20:00+08:00,1.1816,1.18183,1.1816,1.18178,,1.18183,1.1816,1.18178
2026-02-28T05:25:00+08:00,1.18177,1.18184,1.18152,1.18153,,1.18184,1.18152,1.18153
2026-02-28T05:30:00+08:00,1.18152,1.18174,1.18146,1.18147,,1.18174,1.18146,1.18147
2026-02-28T05:35:00+08:00,1.18148,1.18149,1.18128,1.1813,,1.18149,1.18128,1.1813
2026-02-28T05:40:00+08:00,1.1813,1.18132,1.18112,1.18116,,1.18132,1.18112,1.18116
2026-02-28T05:45:00+08:00,1.18116,1.18128,1.18114,1.18123,,1.18128,1.18114,1.18123
2026-02-28T05:50:00+08:00,1.18124,1.18146,1.18113,1.18124,,1.18146,1.18113,1.18124
2026-03-02T06:00:00+08:00,1.1765,1.17665,1.17648,1.17653,,1.17665,1.17648,1.17653
2026-03-02T06:05:00+08:00,1.17645,1.17653,1.17639,1.17645,,1.17653,1.17639,1.17645
2026-03-02T06:10:00+08:00,1.17644,1.17659,1.17636,1.17637,,1.17659,1.17636,1.17637
2026-03-02T06:15:00+08:00,1.17638,1.17638,1.17564,1.17564,,1.17638,1.17564,1.17564
2026-03-02T06:20:00+08:00,1.17565,1.17617,1.17565,1.1761,,1.17617,1.17565,1.1761
2026-03-02T06:25:00+08:00,1.17615,1.17625,1.17594,1.17607,,1.17625,1.17594,1.17607
2026-03-02T06:30:00+08:00,1.17606,1.17696,1.17605,1.17638,,1.17696,1.17605,1.17638
2026-03-02T06:35:00+08:00,1.17639,1.1765,1.17621,1.17621,,1.1765,1.17621,1.17621
2026-03-02T06:40:00+08:00,1.17622,1.17715,1.17621,1.17712,,1.17715,1.17621,1.17712
2026-03-02T06:45:00+08:00,1.17713,1.1773,1.1771,1.17725,,1.1773,1.1771,1.17725
2026-03-02T06:50:00+08:00,1.17726,1.17768,1.17713,1.17765,,1.17768,1.17713,1.17765
2026-03-02T06:55:00+08:00,1.17767,1.17767,1.17725,1.17739,,1.17767,1.17725,1.17739
2026-03-02T07:00:00+08:00,1.1775,1.17791,1.17653,1.17787,,1.17791,1.17653,1.17787
2026-03-02T07:05:00+08:00,1.17788,1.17877,1.17779,1.17855,,1.17877,1.17779,1.17855
2026-03-02T07:10:00+08:00,1.17853,1.17871,1.17756,1.17779,,1.17871,1.17756,1.17779
2026-03-02T07:15:00+08:00,1.17779,1.17789,1.1772,1.17731,,1.17789,1.1772,1.17731
2026-03-02T07:20:00+08:00,1.17732,1.1774,1.17674,1.17687,,1.1774,1.17674,1.17687
2026-03-02T07:25:00+08:00,1.17688,1.17723,1.17607,1.17629,,1.17723,1.17607,1.17629
2026-03-02T07:30:00+08:00,1.17628,1.17663,1.17577,1.17632,,1.17663,1.17577,1.17632
2026-03-02T07:35:00+08:00,1.17631,1.17649,1.17588,1.17615,,1.17649,1.17588,1.17615
2026-03-02T07:40:00+08:00,1.17616,1.17665,1.17609,1.17665,,1.17665,1.17609,1.17665
2026-03-02T07:45:00+08:00,1.17666,1.17675,1.1759,1.17591,,1.17675,1.1759,1.17591
2026-03-02T07:50:00+08:00,1.17593,1.17617,1.1757,1.17599,,1.17617,1.1757,1.17599
2026-03-02T07:55:00+08:00,1.17599,1.17609,1.17583,1.17594,,1.17609,1.17583,1.17594
2026-03-02T08:00:00+08:00,1.17593,1.1762,1.17561,1.17594,,1.1762,1.17561,1.17594
2026-03-02T08:05:00+08:00,1.17595,1.17675,1.17578,1.17663,,1.17675,1.17578,1.17663
2026-03-02T08:10:00+08:00,1.17664,1.17706,1.17663,1.17701,,1.17706,1.17663,1.17701
2026-03-02T08:15:00+08:00,1.17702,1.17758,1.17692,1.17723,,1.17758,1.17692,1.17723
2026-03-02T08:20:00+08:00,1.17726,1.17751,1.17715,1.17737,,1.17751,1.17715,1.17737
2026-03-02T08:25:00+08:00,1.17739,1.1775,1.17678,1.17704,,1.1775,1.17678,1.17704
2026-03-02T08:30:00+08:00,1.17705,1.17716,1.17656,1.17657,,1.17716,1.17656,1.17657
2026-03-02T08:35:00+08:00,1.17658,1.17693,1.17636,1.17692,,1.17693,1.17636,1.17692
2026-03-02T08:40:00+08:00,1.17693,1.17716,1.17686,1.1771,,1.17716,1.17686,1.1771
2026-03-02T08:45:00+08:00,1.17711,1.17723,1.17681,1.17686,,1.17723,1.17681,1.17686
2026-03-02T08:50:00+08:00,1.17688,1.17699,1.1767,1.1769,,1.17699,1.1767,1.1769
2026-03-02T08:55:00+08:00,1.1769,1.17783,1.17676,1.17776,,1.17783,1.17676,1.17776
2026-03-02T09:00:00+08:00,1.1777,1.17819,1.17754,1.17782,,1.17819,1.17754,1.17782
2026-03-02T09:05:00+08:00,1.17781,1.17816,1.17763,1.1781,,1.17816,1.17763,1.1781
2026-03-02T09:10:00+08:00,1.17812,1.17896,1.1781,1.17875,,1.17896,1.1781,1.17875
2026-03-02T09:15:00+08:00,1.17874,1.17889,1.17826,1.1783,,1.17889,1.17826,1.1783
2026-03-02T09:20:00+08:00,1.17829,1.17854,1.17807,1.17818,,1.17854,1.17807,1.17818
2026-03-02T09:25:00+08:00,1.17818,1.17851,1.1781,1.17851,,1.17851,1.1781,1.17851
2026-03-02T09:30:00+08:00,1.17852,1.17928,1.17834,1.17924,,1.17928,1.17834,1.17924
2026-03-02T09:35:00+08:00,1.17923,1.17941,1.17916,1.17931,,1.17941,1.17916,1.17931
2026-03-02T09:40:00+08:00,1.1793,1.1794,1.17893,1.1791,,1.1794,1.17893,1.1791
2026-03-02T09:45:00+08:00,1.17912,1.17923,1.17882,1.17905,,1.17923,1.17882,1.17905
2026-03-02T09:50:00+08:00,1.17906,1.17925,1.17879,1.179,,1.17925,1.17879,1.179
2026-03-02T09:55:00+08:00,1.17899,1.17927,1.17898,1.17919,,1.17927,1.17898,1.17919
2026-03-02T10:00:00+08:00,1.1792,1.17935,1.17884,1.17907,,1.17935,1.17884,1.17907
2026-03-02T10:05:00+08:00,1.17906,1.17911,1.17854,1.17868,,1.17911,1.17854,1.17868
2026-03-02T10:10:00+08:00,1.17867,1.17868,1.17843,1.17855,,1.17868,1.17843,1.17855
2026-03-02T10:15:00+08:00,1.17853,1.17858,1.17817,1.17817,,1.17858,1.17817,1.17817
2026-03-02T10:20:00+08:00,1.17818,1.17846,1.17809,1.1783,,1.17846,1.17809,1.1783
2026-03-02T10:25:00+08:00,1.17824,1.17842,1.17822,1.17835,,1.17842,1.17822,1.17835
2026-03-02T10:30:00+08:00,1.17834,1.17858,1.17832,1.17854,,1.17858,1.17832,1.17854
2026-03-02T10:35:00+08:00,1.17854,1.17879,1.17841,1.17876,,1.17879,1.17841,1.17876
2026-03-02T10:40:00+08:00,1.17875,1.1789,1.17859,1.1786,,1.1789,1.17859,1.1786
2026-03-02T10:45:00+08:00,1.17863,1.17878,1.17848,1.17849,,1.17878,1.17848,1.17849
2026-03-02T10:50:00+08:00,1.17848,1.1788,1.17848,1.17879,,1.1788,1.17848,1.17879
2026-03-02T10:55:00+08:00,1.17882,1.17894,1.17864,1.17886,,1.17894,1.17864,1.17886
2026-03-02T11:00:00+08:00,1.17887,1.17916,1.17883,1.17916,,1.17916,1.17883,1.17916
2026-03-02T11:05:00+08:00,1.17915,1.17941,1.17905,1.17908,,1.17941,1.17905,1.17908
2026-03-02T11:10:00+08:00,1.17907,1.17917,1.17897,1.1791,,1.17917,1.17897,1.1791
2026-03-02T11:15:00+08:00,1.17909,1.1792,1.17903,1.17919,,1.1792,1.17903,1.17919
2026-03-02T11:20:00+08:00,1.17918,1.17939,1.17918,1.17924,,1.17939,1.17918,1.17924
2026-03-02T11:25:00+08:00,1.17924,1.17958,1.17922,1.17942,,1.17958,1.17922,1.17942
2026-03-02T11:30:00+08:00,1.17943,1.17955,1.17917,1.17917,,1.17955,1.17917,1.17917
2026-03-02T11:35:00+08:00,1.17918,1.1793,1.17907,1.17916,,1.1793,1.17907,1.17916
2026-03-02T11:40:00+08:00,1.17915,1.17939,1.17907,1.17928,,1.17939,1.17907,1.17928
2026-03-02T11:45:00+08:00,1.17927,1.17935,1.17905,1.1792,,1.17935,1.17905,1.1792
2026-03-02T11:50:00+08:00,1.17918,1.17925,1.17905,1.17907,,1.17925,1.17905,1.17907
2026-03-02T11:55:00+08:00,1.17909,1.1791,1.17882,1.17888,,1.1791,1.17882,1.17888
2026-03-02T12:00:00+08:00,1.17889,1.17905,1.17885,1.17899,,1.17905,1.17885,1.17899
2026-03-02T12:05:00+08:00,1.17896,1.179,1.1787,1.17873,,1.179,1.1787,1.17873
2026-03-02T12:10:00+08:00,1.17875,1.1788,1.17871,1.17878,,1.1788,1.17871,1.17878
2026-03-02T12:15:00+08:00,1.1788,1.17889,1.17852,1.17852,,1.17889,1.17852,1.17852
2026-03-02T12:20:00+08:00,1.17851,1.17868,1.17835,1.17854,,1.17868,1.17835,1.17854
2026-03-02T12:25:00+08:00,1.17855,1.17872,1.1785,1.17869,,1.17872,1.1785,1.17869
2026-03-02T12:30:00+08:00,1.1787,1.17877,1.17858,1.17869,,1.17877,1.17858,1.17869
2026-03-02T12:35:00+08:00,1.17868,1.17878,1.17841,1.17847,,1.17878,1.17841,1.17847
2026-03-02T12:40:00+08:00,1.17845,1.1786,1.17828,1.17835,,1.1786,1.17828,1.17835
2026-03-02T12:45:00+08:00,1.17837,1.1784,1.17817,1.17836,,1.1784,1.17817,1.17836
2026-03-02T12:50:00+08:00,1.17835,1.17846,1.17826,1.17844,,1.17846,1.17826,1.17844
2026-03-02T12:55:00+08:00,1.17842,1.17864,1.17833,1.17863,,1.17864,1.17833,1.17863
2026-03-02T13:00:00+08:00,1.17864,1.17864,1.17816,1.17816,,1.17864,1.17816,1.17816
2026-03-02T13:05:00+08:00,1.17815,1.17819,1.17784,1.1779,,1.17819,1.17784,1.1779
2026-03-02T13:10:00+08:00,1.1779,1.17794,1.17757,1.17758,,1.17794,1.17757,1.17758
2026-03-02T13:15:00+08:00,1.17757,1.17766,1.17747,1.17764,,1.17766,1.17747,1.17764
2026-03-02T13:20:00+08:00,1.17763,1.17767,1.17742,1.17766,,1.17767,1.17742,1.17766
2026-03-02T13:25:00+08:00,1.17765,1.17774,1.17747,1.17755,,1.17774,1.17747,1.17755
2026-03-02T13:30:00+08:00,1.17756,1.1779,1.17756,1.17788,,1.1779,1.17756,1.17788
2026-03-02T13:35:00+08:00,1.17789,1.17794,1.17767,1.17771,,1.17794,1.17767,1.17771
2026-03-02T13:40:00+08:00,1.1777,1.1777,1.17736,1.17738,,1.1777,1.17736,1.17738
2026-03-02T13:45:00+08:00,1.17739,1.17741,1.17705,1.17708,,1.17741,1.17705,1.17708
2026-03-02T13:50:00+08:00,1.17709,1.17736,1.17706,1.17714,,1.17736,1.17706,1.17714
2026-03-02T13:55:00+08:00,1.17715,1.17719,1.17661,1.17664,,1.17719,1.17661,1.17664
2026-03-02T14:00:00+08:00,1.17665,1.17667,1.17565,1.17582,,1.17667,1.17565,1.17582
2026-03-02T14:05:00+08:00,1.17582,1.17614,1.1758,1.17599,,1.17614,1.1758,1.17599
2026-03-02T14:10:00+08:00,1.17598,1.17599,1.17531,1.17534,,1.17599,1.17531,1.17534
2026-03-02T14:15:00+08:00,1.17535,1.17549,1.17504,1.17529,,1.17549,1.17504,1.17529
2026-03-02T14:20:00+08:00,1.17529,1.17535,1.1741,1.17411,,1.17535,1.1741,1.17411
2026-03-02T14:25:00+08:00,1.17412,1.17445,1.17366,1.17411,,1.17445,1.17366,1.17411
2026-03-02T14:30:00+08:00,1.17413,1.17429,1.17378,1.17388,,1.17429,1.17378,1.17388
2026-03-02T14:35:00+08:00,1.17387,1.17431,1.17367,1.17372,,1.17431,1.17367,1.17372
2026-03-02T14:40:00+08:00,1.17371,1.17372,1.17313,1.17326,,1.17372,1.17313,1.17326
2026-03-02T14:45:00+08:00,1.17332,1.17391,1.17314,1.17391,,1.17391,1.17314,1.17391
2026-03-02T14:50:00+08:00,1.1739,1.1739,1.17313,1.17318,,1.1739,1.17313,1.17318
2026-03-02T14:55:00+08:00,1.17315,1.17336,1.17302,1.17324,,1.17336,1.17302,1.17324
2026-03-02T15:00:00+08:00,1.17322,1.17342,1.17249,1.17263,,1.17342,1.17249,1.17263
2026-03-02T15:05:00+08:00,1.17263,1.17274,1.17225,1.17235,,1.17274,1.17225,1.17235
2026-03-02T15:10:00+08:00,1.17239,1.17287,1.17227,1.17249,,1.17287,1.17227,1.17249
2026-03-02T15:15:00+08:00,1.17247,1.17278,1.17175,1.17195,,1.17278,1.17175,1.17195
2026-03-02T15:20:00+08:00,1.17194,1.17262,1.17159,1.17259,,1.17262,1.17159,1.17259
2026-03-02T15:25:00+08:00,1.17261,1.17272,1.17219,1.17229,,1.17272,1.17219,1.17229
2026-03-02T15:30:00+08:00,1.1723,1.17276,1.17198,1.17202,,1.17276,1.17198,1.17202
2026-03-02T15:35:00+08:00,1.17203,1.17246,1.17123,1.17168,,1.17246,1.17123,1.17168
2026-03-02T15:40:00+08:00,1.17169,1.17182,1.17123,1.17153,,1.17182,1.17123,1.17153
2026-03-02T15:45:00+08:00,1.17155,1.17156,1.17078,1.17082,,1.17156,1.17078,1.17082
2026-03-02T15:50:00+08:00,1.17078,1.17117,1.17035,1.17109,,1.17117,1.17035,1.17109
2026-03-02T15:55:00+08:00,1.17109,1.1717,1.17099,1.17161,,1.1717,1.17099,1.17161
2026-03-02T16:00:00+08:00,1.17165,1.17232,1.17154,1.17158,,1.17232,1.17154,1.17158
2026-03-02T16:05:00+08:00,1.17161,1.17167,1.17105,1.17147,,1.17167,1.17105,1.17147
2026-03-02T16:10:00+08:00,1.17146,1.17174,1.17114,1.17151,,1.17174,1.17114,1.17151
2026-03-02T16:15:00+08:00,1.17152,1.17162,1.17092,1.17106,,1.17162,1.17092,1.17106
2026-03-02T16:20:00+08:00,1.17105,1.17111,1.17035,1.17042,,1.17111,1.17035,1.17042
2026-03-02T16:25:00+08:00,1.17041,1.17066,1.17017,1.17024,,1.17066,1.17017,1.17024
2026-03-02T16:30:00+08:00,1.17025,1.1704,1.16981,1.17036,,1.1704,1.16981,1.17036
2026-03-02T16:35:00+08:00,1.17037,1.17046,1.16984,1.17013,,1.17046,1.16984,1.17013
2026-03-02T16:40:00+08:00,1.17014,1.17137,1.16993,1.17113,,1.17137,1.16993,1.17113
2026-03-02T16:45:00+08:00,1.17116,1.17191,1.17105,1.17173,,1.17191,1.17105,1.17173
2026-03-02T16:50:00+08:00,1.17177,1.17239,1.17173,1.17235,,1.17239,1.17173,1.17235
2026-03-02T16:55:00+08:00,1.17236,1.17238,1.17212,1.17226,,1.17238,1.17212,1.17226
2026-03-02T17:00:00+08:00,1.17224,1.17315,1.17211,1.17308,,1.17315,1.17211,1.17308
2026-03-02T17:05:00+08:00,1.17309,1.17375,1.17306,1.17344,,1.17375,1.17306,1.17344
2026-03-02T17:10:00+08:00,1.17347,1.17399,1.17346,1.17399,,1.17399,1.17346,1.17399
2026-03-02T17:15:00+08:00,1.17405,1.17437,1.17371,1.17414,,1.17437,1.17371,1.17414
2026-03-02T17:20:00+08:00,1.17415,1.17419,1.17364,1.17364,,1.17419,1.17364,1.17364
2026-03-02T17:25:00+08:00,1.17366,1.1739,1.17332,1.17372,,1.1739,1.17332,1.17372
2026-03-02T17:30:00+08:00,1.1737,1.17425,1.17365,1.17394,,1.17425,1.17365,1.17394
2026-03-02T17:35:00+08:00,1.17395,1.17413,1.17369,1.17372,,1.17413,1.17369,1.17372
2026-03-02T17:40:00+08:00,1.17373,1.17394,1.17339,1.1739,,1.17394,1.17339,1.1739
2026-03-02T17:45:00+08:00,1.17388,1.17397,1.1735,1.17388,,1.17397,1.1735,1.17388
2026-03-02T17:50:00+08:00,1.17389,1.17395,1.17313,1.17327,,1.17395,1.17313,1.17327
2026-03-02T17:55:00+08:00,1.17328,1.17355,1.17322,1.1733,,1.17355,1.17322,1.1733
2026-03-02T18:00:00+08:00,1.17329,1.17398,1.17329,1.17369,,1.17398,1.17329,1.17369
2026-03-02T18:05:00+08:00,1.17371,1.17373,1.17329,1.17356,,1.17373,1.17329,1.17356
2026-03-02T18:10:00+08:00,1.17357,1.17373,1.17329,1.17352,,1.17373,1.17329,1.17352
2026-03-02T18:15:00+08:00,1.17351,1.17439,1.17346,1.17433,,1.17439,1.17346,1.17433
2026-03-02T18:20:00+08:00,1.17434,1.17473,1.17426,1.17456,,1.17473,1.17426,1.17456
2026-03-02T18:25:00+08:00,1.17455,1.17468,1.17439,1.17457,,1.17468,1.17439,1.17457
2026-03-02T18:30:00+08:00,1.17455,1.17469,1.17436,1.17439,,1.17469,1.17436,1.17439
2026-03-02T18:35:00+08:00,1.17438,1.17455,1.174,1.17433,,1.17455,1.174,1.17433
2026-03-02T18:40:00+08:00,1.17431,1.17459,1.17415,1.17454,,1.17459,1.17415,1.17454
2026-03-02T18:45:00+08:00,1.17455,1.17462,1.17393,1.17403,,1.17462,1.17393,1.17403
2026-03-02T18:50:00+08:00,1.17401,1.17401,1.17361,1.17374,,1.17401,1.17361,1.17374
2026-03-02T18:55:00+08:00,1.1738,1.17389,1.1735,1.17387,,1.17389,1.1735,1.17387
2026-03-02T19:00:00+08:00,1.17389,1.17398,1.17343,1.17354,,1.17398,1.17343,1.17354
2026-03-02T19:05:00+08:00,1.17357,1.17373,1.17321,1.17345,,1.17373,1.17321,1.17345
2026-03-02T19:10:00+08:00,1.17343,1.17344,1.17321,1.17339,,1.17344,1.17321,1.17339
2026-03-02T19:15:00+08:00,1.17341,1.17344,1.17287,1.17299,,1.17344,1.17287,1.17299
2026-03-02T19:20:00+08:00,1.173,1.17302,1.17273,1.173,,1.17302,1.17273,1.173
2026-03-02T19:25:00+08:00,1.17299,1.17334,1.17272,1.17274,,1.17334,1.17272,1.17274
2026-03-02T19:30:00+08:00,1.17273,1.17304,1.17263,1.17303,,1.17304,1.17263,1.17303
2026-03-02T19:35:00+08:00,1.17302,1.17345,1.17298,1.17337,,1.17345,1.17298,1.17337
2026-03-02T19:40:00+08:00,1.17338,1.17344,1.17317,1.17339,,1.17344,1.17317,1.17339
2026-03-02T19:45:00+08:00,1.17338,1.17412,1.17326,1.17403,,1.17412,1.17326,1.17403
2026-03-02T19:50:00+08:00,1.17402,1.17406,1.17355,1.17355,,1.17406,1.17355,1.17355
2026-03-02T19:55:00+08:00,1.17356,1.17365,1.1732,1.17332,,1.17365,1.1732,1.17332
2026-03-02T20:00:00+08:00,1.17334,1.17339,1.17301,1.17329,,1.17339,1.17301,1.17329
2026-03-02T20:05:00+08:00,1.17328,1.17334,1.17266,1.1727,,1.17334,1.17266,1.1727
2026-03-02T20:10:00+08:00,1.17269,1.17284,1.17248,1.17254,,1.17284,1.17248,1.17254
2026-03-02T20:15:00+08:00,1.17252,1.17265,1.17191,1.17195,,1.17265,1.17191,1.17195
2026-03-02T20:20:00+08:00,1.17192,1.17225,1.17177,1.17207,,1.17225,1.17177,1.17207
2026-03-02T20:25:00+08:00,1.17208,1.17237,1.17192,1.17197,,1.17237,1.17192,1.17197
2026-03-02T20:30:00+08:00,1.17196,1.17204,1.17177,1.17197,,1.17204,1.17177,1.17197
2026-03-02T20:35:00+08:00,1.17201,1.17216,1.17163,1.17198,,1.17216,1.17163,1.17198
2026-03-02T20:40:00+08:00,1.172,1.17209,1.1713,1.17139,,1.17209,1.1713,1.17139
2026-03-02T20:45:00+08:00,1.17138,1.17147,1.17049,1.17086,,1.17147,1.17049,1.17086
2026-03-02T20:50:00+08:00,1.17085,1.17091,1.1706,1.17063,,1.17091,1.1706,1.17063
2026-03-02T20:55:00+08:00,1.17058,1.17058,1.17021,1.17039,,1.17058,1.17021,1.17039
2026-03-02T21:00:00+08:00,1.17041,1.17101,1.17033,1.17035,,1.17101,1.17033,1.17035
2026-03-02T21:05:00+08:00,1.17039,1.17042,1.16968,1.16976,,1.17042,1.16968,1.16976
2026-03-02T21:10:00+08:00,1.16978,1.17067,1.16971,1.17057,,1.17067,1.16971,1.17057
2026-03-02T21:15:00+08:00,1.17058,1.17121,1.17053,1.17112,,1.17121,1.17053,1.17112
2026-03-02T21:20:00+08:00,1.1711,1.17135,1.17085,1.17125,,1.17135,1.17085,1.17125
2026-03-02T21:25:00+08:00,1.17118,1.17185,1.17117,1.17158,,1.17185,1.17117,1.17158
2026-03-02T21:30:00+08:00,1.17157,1.17161,1.17086,1.17092,,1.17161,1.17086,1.17092
2026-03-02T21:35:00+08:00,1.17094,1.17104,1.17019,1.1704,,1.17104,1.17019,1.1704
2026-03-02T21:40:00+08:00,1.17041,1.17066,1.17006,1.17025,,1.17066,1.17006,1.17025
2026-03-02T21:45:00+08:00,1.17024,1.17089,1.17019,1.17042,,1.17089,1.17019,1.17042
2026-03-02T21:50:00+08:00,1.17044,1.17048,1.16993,1.16999,,1.17048,1.16993,1.16999
2026-03-02T21:55:00+08:00,1.17,1.17008,1.16953,1.16984,,1.17008,1.16953,1.16984
2026-03-02T22:00:00+08:00,1.16984,1.16997,1.16951,1.16972,,1.16997,1.16951,1.16972
2026-03-02T22:05:00+08:00,1.16971,1.17114,1.16971,1.17085,,1.17114,1.16971,1.17085
2026-03-02T22:10:00+08:00,1.17079,1.1708,1.17029,1.17033,,1.1708,1.17029,1.17033
2026-03-02T22:15:00+08:00,1.17034,1.17076,1.16985,1.17072,,1.17076,1.16985,1.17072
2026-03-02T22:20:00+08:00,1.17071,1.171,1.17022,1.17049,,1.171,1.17022,1.17049
2026-03-02T22:25:00+08:00,1.17046,1.17071,1.1703,1.17047,,1.17071,1.1703,1.17047
2026-03-02T22:30:00+08:00,1.17045,1.17157,1.17022,1.17153,,1.17157,1.17022,1.17153
2026-03-02T22:35:00+08:00,1.17153,1.17194,1.17141,1.17148,,1.17194,1.17141,1.17148
2026-03-02T22:40:00+08:00,1.17149,1.17196,1.17141,1.17174,,1.17196,1.17141,1.17174
2026-03-02T22:45:00+08:00,1.17174,1.17196,1.17152,1.17188,,1.17196,1.17152,1.17188
2026-03-02T22:50:00+08:00,1.17187,1.17238,1.17169,1.17198,,1.17238,1.17169,1.17198
2026-03-02T22:55:00+08:00,1.17198,1.17221,1.1714,1.17175,,1.17221,1.1714,1.17175
2026-03-02T23:00:00+08:00,1.17126,1.17161,1.17102,1.17161,,1.17161,1.17102,1.17161
2026-03-02T23:05:00+08:00,1.17162,1.17163,1.17083,1.17094,,1.17163,1.17083,1.17094
2026-03-02T23:10:00+08:00,1.17095,1.17119,1.17062,1.17064,,1.17119,1.17062,1.17064
2026-03-02T23:15:00+08:00,1.17062,1.17071,1.17031,1.17041,,1.17071,1.17031,1.17041
2026-03-02T23:20:00+08:00,1.17041,1.17057,1.1701,1.17039,,1.17057,1.1701,1.17039
2026-03-02T23:25:00+08:00,1.17038,1.17063,1.17019,1.17021,,1.17063,1.17019,1.17021
2026-03-02T23:30:00+08:00,1.17021,1.17055,1.17016,1.17042,,1.17055,1.17016,1.17042
2026-03-02T23:35:00+08:00,1.1704,1.17042,1.16924,1.1693,,1.17042,1.16924,1.1693
2026-03-02T23:40:00+08:00,1.16931,1.16987,1.16927,1.16963,,1.16987,1.16927,1.16963
2026-03-02T23:45:00+08:00,1.1696,1.16962,1.16881,1.16932,,1.16962,1.16881,1.16932
2026-03-02T23:50:00+08:00,1.16931,1.16933,1.16858,1.16881,,1.16933,1.16858,1.16881
2026-03-02T23:55:00+08:00,1.16875,1.16887,1.16797,1.16803,,1.16887,1.16797,1.16803
2026-03-03T00:00:00+08:00,1.16802,1.16811,1.16764,1.16791,,1.16811,1.16764,1.16791
2026-03-03T00:05:00+08:00,1.16792,1.168,1.16753,1.16762,,1.168,1.16753,1.16762
2026-03-03T00:10:00+08:00,1.16763,1.16799,1.16754,1.16788,,1.16799,1.16754,1.16788
2026-03-03T00:15:00+08:00,1.16787,1.16797,1.16726,1.16733,,1.16797,1.16726,1.16733
2026-03-03T00:20:00+08:00,1.16732,1.16793,1.16717,1.16791,,1.16793,1.16717,1.16791
2026-03-03T00:25:00+08:00,1.16793,1.16833,1.16793,1.16819,,1.16833,1.16793,1.16819
2026-03-03T00:30:00+08:00,1.16822,1.16833,1.16746,1.16801,,1.16833,1.16746,1.16801
2026-03-03T00:35:00+08:00,1.16802,1.16834,1.16773,1.16793,,1.16834,1.16773,1.16793
2026-03-03T00:40:00+08:00,1.16794,1.16874,1.16793,1.16853,,1.16874,1.16793,1.16853
2026-03-03T00:45:00+08:00,1.16857,1.16879,1.16846,1.16869,,1.16879,1.16846,1.16869
2026-03-03T00:50:00+08:00,1.16868,1.16908,1.16868,1.16878,,1.16908,1.16868,1.16878
2026-03-03T00:55:00+08:00,1.16879,1.16942,1.16871,1.16895,,1.16942,1.16871,1.16895
2026-03-03T01:00:00+08:00,1.16894,1.16916,1.16869,1.16914,,1.16916,1.16869,1.16914
2026-03-03T01:05:00+08:00,1.16913,1.16959,1.1691,1.16951,,1.16959,1.1691,1.16951
2026-03-03T01:10:00+08:00,1.16949,1.16992,1.1694,1.16982,,1.16992,1.1694,1.16982
2026-03-03T01:15:00+08:00,1.16983,1.17002,1.1696,1.16981,,1.17002,1.1696,1.16981
2026-03-03T01:20:00+08:00,1.16982,1.17044,1.16981,1.17023,,1.17044,1.16981,1.17023
2026-03-03T01:25:00+08:00,1.17021,1.17026,1.16967,1.16992,,1.17026,1.16967,1.16992
2026-03-03T01:30:00+08:00,1.16988,1.16998,1.16956,1.16965,,1.16998,1.16956,1.16965
2026-03-03T01:35:00+08:00,1.16962,1.16978,1.16943,1.16958,,1.16978,1.16943,1.16958
2026-03-03T01:40:00+08:00,1.1696,1.17,1.16959,1.16984,,1.17,1.16959,1.16984
2026-03-03T01:45:00+08:00,1.16983,1.16984,1.16946,1.16973,,1.16984,1.16946,1.16973
2026-03-03T01:50:00+08:00,1.16972,1.17048,1.16972,1.17043,,1.17048,1.16972,1.17043
2026-03-03T01:55:00+08:00,1.17044,1.17078,1.17031,1.17071,,1.17078,1.17031,1.17071
2026-03-03T02:00:00+08:00,1.1707,1.17074,1.16986,1.16994,,1.17074,1.16986,1.16994
2026-03-03T02:05:00+08:00,1.16993,1.17003,1.16972,1.16995,,1.17003,1.16972,1.16995
2026-03-03T02:10:00+08:00,1.16996,1.17033,1.1698,1.1702,,1.17033,1.1698,1.1702
2026-03-03T02:15:00+08:00,1.17021,1.17031,1.16957,1.16975,,1.17031,1.16957,1.16975
2026-03-03T02:20:00+08:00,1.16977,1.16977,1.16936,1.1694,,1.16977,1.16936,1.1694
2026-03-03T02:25:00+08:00,1.16937,1.16949,1.16921,1.16933,,1.16949,1.16921,1.16933
2026-03-03T02:30:00+08:00,1.16934,1.16958,1.16917,1.16919,,1.16958,1.16917,1.16919
2026-03-03T02:35:00+08:00,1.16916,1.16924,1.16873,1.1688,,1.16924,1.16873,1.1688
2026-03-03T02:40:00+08:00,1.16881,1.16887,1.16868,1.16875,,1.16887,1.16868,1.16875
2026-03-03T02:45:00+08:00,1.16874,1.1694,1.16873,1.16939,,1.1694,1.16873,1.16939
2026-03-03T02:50:00+08:00,1.16937,1.16946,1.16916,1.16946,,1.16946,1.16916,1.16946
2026-03-03T02:55:00+08:00,1.16944,1.1696,1.16932,1.16946,,1.1696,1.16932,1.16946
2026-03-03T03:00:00+08:00,1.16944,1.16986,1.16941,1.16978,,1.16986,1.16941,1.16978
2026-03-03T03:05:00+08:00,1.16975,1.17009,1.16966,1.17008,,1.17009,1.16966,1.17008
2026-03-03T03:10:00+08:00,1.17013,1.17027,1.17006,1.17022,,1.17027,1.17006,1.17022
2026-03-03T03:15:00+08:00,1.1702,1.17032,1.17012,1.17027,,1.17032,1.17012,1.17027
2026-03-03T03:20:00+08:00,1.17028,1.17049,1.17023,1.17045,,1.17049,1.17023,1.17045
2026-03-03T03:25:00+08:00,1.17047,1.17087,1.17044,1.17084,,1.17087,1.17044,1.17084
2026-03-03T03:30:00+08:00,1.17084,1.17113,1.17065,1.1711,,1.17113,1.17065,1.1711
2026-03-03T03:35:00+08:00,1.17111,1.17126,1.17093,1.17097,,1.17126,1.17093,1.17097
2026-03-03T03:40:00+08:00,1.17098,1.17127,1.17085,1.17109,,1.17127,1.17085,1.17109
2026-03-03T03:45:00+08:00,1.17108,1.17132,1.17095,1.17124,,1.17132,1.17095,1.17124
2026-03-03T03:50:00+08:00,1.17125,1.17134,1.17101,1.17122,,1.17134,1.17101,1.17122
2026-03-03T03:55:00+08:00,1.17118,1.17134,1.17109,1.17112,,1.17134,1.17109,1.17112
2026-03-03T04:00:00+08:00,1.17113,1.17131,1.17074,1.1708,,1.17131,1.17074,1.1708
2026-03-03T04:05:00+08:00,1.17079,1.17083,1.16883,1.16909,,1.17083,1.16883,1.16909
2026-03-03T04:10:00+08:00,1.16903,1.16917,1.16798,1.16803,,1.16917,1.16798,1.16803
2026-03-03T04:15:00+08:00,1.16802,1.16898,1.16786,1.16863,,1.16898,1.16786,1.16863
2026-03-03T04:20:00+08:00,1.16867,1.16883,1.16807,1.16855,,1.16883,1.16807,1.16855
2026-03-03T04:25:00+08:00,1.16852,1.1687,1.16805,1.16814,,1.1687,1.16805,1.16814
2026-03-03T04:30:00+08:00,1.16813,1.16856,1.1679,1.16836,,1.16856,1.1679,1.16836
2026-03-03T04:35:00+08:00,1.16837,1.16912,1.16828,1.16905,,1.16912,1.16828,1.16905
2026-03-03T04:40:00+08:00,1.16905,1.16922,1.16894,1.16919,,1.16922,1.16894,1.16919
2026-03-03T04:45:00+08:00,1.16917,1.16928,1.1686,1.16872,,1.16928,1.1686,1.16872
2026-03-03T04:50:00+08:00,1.16876,1.16913,1.16866,1.16909,,1.16913,1.16866,1.16909
2026-03-03T04:55:00+08:00,1.169,1.16927,1.16893,1.16901,,1.16927,1.16893,1.16901
2026-03-03T05:00:00+08:00,1.16903,1.16926,1.1689,1.16916,,1.16926,1.1689,1.16916
2026-03-03T05:05:00+08:00,1.16916,1.16946,1.16916,1.1692,,1.16946,1.16916,1.1692
2026-03-03T05:10:00+08:00,1.16917,1.16926,1.16904,1.16922,,1.16926,1.16904,1.16922
2026-03-03T05:15:00+08:00,1.16922,1.1694,1.16922,1.16924,,1.1694,1.16922,1.16924
2026-03-03T05:20:00+08:00,1.16923,1.1695,1.16914,1.16948,,1.1695,1.16914,1.16948
2026-03-03T05:25:00+08:00,1.16947,1.16954,1.16936,1.1694,,1.16954,1.16936,1.1694
2026-03-03T05:30:00+08:00,1.16939,1.16939,1.16906,1.16908,,1.16939,1.16906,1.16908
2026-03-03T05:35:00+08:00,1.16908,1.16929,1.16908,1.16914,,1.16929,1.16908,1.16914
2026-03-03T05:40:00+08:00,1.16914,1.16923,1.16907,1.16923,,1.16923,1.16907,1.16923
2026-03-03T05:45:00+08:00,1.16923,1.16925,1.16897,1.16906,,1.16925,1.16897,1.16906
2026-03-03T05:50:00+08:00,1.16905,1.16912,1.16902,1.16907,,1.16912,1.16902,1.16907
2026-03-03T05:55:00+08:00,1.16906,1.16908,1.16898,1.16902,,1.16908,1.16898,1.16902
2026-03-03T06:00:00+08:00,1.1684,1.1686,1.16817,1.16859,,1.1686,1.16817,1.16859
2026-03-03T06:05:00+08:00,1.16856,1.16859,1.16852,1.16857,,1.16859,1.16852,1.16857
2026-03-03T06:10:00+08:00,1.16861,1.16863,1.16839,1.1686,,1.16863,1.16839,1.1686
2026-03-03T06:15:00+08:00,1.16864,1.16869,1.16852,1.16869,,1.16869,1.16852,1.16869
2026-03-03T06:20:00+08:00,1.1687,1.16885,1.1687,1.16874,,1.16885,1.1687,1.16874
2026-03-03T06:25:00+08:00,1.16875,1.16883,1.16859,1.16874,,1.16883,1.16859,1.16874
2026-03-03T06:30:00+08:00,1.16872,1.16883,1.16849,1.16865,,1.16883,1.16849,1.16865
2026-03-03T06:35:00+08:00,1.16866,1.16895,1.16855,1.16894,,1.16895,1.16855,1.16894
2026-03-03T06:40:00+08:00,1.16893,1.16908,1.16877,1.16878,,1.16908,1.16877,1.16878
2026-03-03T06:45:00+08:00,1.16877,1.16882,1.16859,1.16862,,1.16882,1.16859,1.16862
2026-03-03T06:50:00+08:00,1.16861,1.16868,1.16857,1.1686,,1.16868,1.16857,1.1686
2026-03-03T06:55:00+08:00,1.16859,1.16864,1.16852,1.16858,,1.16864,1.16852,1.16858
2026-03-03T07:00:00+08:00,1.16865,1.16919,1.16865,1.16909,,1.16919,1.16865,1.16909
2026-03-03T07:05:00+08:00,1.16911,1.16938,1.16909,1.16936,,1.16938,1.16909,1.16936
2026-03-03T07:10:00+08:00,1.16934,1.16953,1.1693,1.16948,,1.16953,1.1693,1.16948
2026-03-03T07:15:00+08:00,1.16946,1.16971,1.16946,1.1697,,1.16971,1.16946,1.1697
2026-03-03T07:20:00+08:00,1.16968,1.16978,1.16966,1.16978,,1.16978,1.16966,1.16978
2026-03-03T07:25:00+08:00,1.16977,1.16981,1.16967,1.16968,,1.16981,1.16967,1.16968
2026-03-03T07:30:00+08:00,1.16969,1.16974,1.16958,1.16969,,1.16974,1.16958,1.16969
2026-03-03T07:35:00+08:00,1.1697,1.16979,1.1696,1.1696,,1.16979,1.1696,1.1696
2026-03-03T07:40:00+08:00,1.1696,1.16974,1.16959,1.16968,,1.16974,1.16959,1.16968
2026-03-03T07:45:00+08:00,1.16968,1.16974,1.16958,1.16973,,1.16974,1.16958,1.16973
2026-03-03T07:50:00+08:00,1.16974,1.16983,1.16962,1.16968,,1.16983,1.16962,1.16968
2026-03-03T07:55:00+08:00,1.16967,1.16967,1.16944,1.16947,,1.16967,1.16944,1.16947
2026-03-03T08:00:00+08:00,1.16948,1.16949,1.16892,1.16906,,1.16949,1.16892,1.16906
2026-03-03T08:05:00+08:00,1.16907,1.16915,1.16889,1.16915,,1.16915,1.16889,1.16915
2026-03-03T08:10:00+08:00,1.16913,1.16936,1.16898,1.16901,,1.16936,1.16898,1.16901
2026-03-03T08:15:00+08:00,1.16902,1.16906,1.16881,1.16905,,1.16906,1.16881,1.16905
2026-03-03T08:20:00+08:00,1.16905,1.16928,1.16901,1.16924,,1.16928,1.16901,1.16924
2026-03-03T08:25:00+08:00,1.16925,1.16925,1.16905,1.16915,,1.16925,1.16905,1.16915
2026-03-03T08:30:00+08:00,1.16916,1.16919,1.16902,1.16904,,1.16919,1.16902,1.16904
2026-03-03T08:35:00+08:00,1.16905,1.16905,1.16864,1.16867,,1.16905,1.16864,1.16867
2026-03-03T08:40:00+08:00,1.16868,1.16905,1.16868,1.16905,,1.16905,1.16868,1.16905
2026-03-03T08:45:00+08:00,1.16905,1.16945,1.16905,1.16941,,1.16945,1.16905,1.16941
2026-03-03T08:50:00+08:00,1.16943,1.16946,1.16921,1.16925,,1.16946,1.16921,1.16925
2026-03-03T08:55:00+08:00,1.16926,1.16958,1.16911,1.16953,,1.16958,1.16911,1.16953
2026-03-03T09:00:00+08:00,1.16954,1.16969,1.16923,1.16969,,1.16969,1.16923,1.16969
2026-03-03T09:05:00+08:00,1.16968,1.16975,1.16945,1.16964,,1.16975,1.16945,1.16964
2026-03-03T09:10:00+08:00,1.16962,1.16971,1.16952,1.1697,,1.16971,1.16952,1.1697
2026-03-03T09:15:00+08:00,1.16971,1.17001,1.16958,1.16997,,1.17001,1.16958,1.16997
2026-03-03T09:20:00+08:00,1.16996,1.17067,1.16993,1.17059,,1.17067,1.16993,1.17059
2026-03-03T09:25:00+08:00,1.17061,1.17069,1.17026,1.17027,,1.17069,1.17026,1.17027
2026-03-03T09:30:00+08:00,1.17028,1.17057,1.17014,1.17044,,1.17057,1.17014,1.17044
2026-03-03T09:35:00+08:00,1.17045,1.17066,1.17037,1.17047,,1.17066,1.17037,1.17047
2026-03-03T09:40:00+08:00,1.17046,1.17047,1.17002,1.17003,,1.17047,1.17002,1.17003
2026-03-03T09:45:00+08:00,1.17002,1.17029,1.16996,1.17001,,1.17029,1.16996,1.17001
2026-03-03T09:50:00+08:00,1.17,1.17017,1.16991,1.16994,,1.17017,1.16991,1.16994
2026-03-03T09:55:00+08:00,1.16993,1.16995,1.16966,1.16969,,1.16995,1.16966,1.16969
2026-03-03T10:00:00+08:00,1.16966,1.16966,1.16904,1.16958,,1.16966,1.16904,1.16958
2026-03-03T10:05:00+08:00,1.16958,1.1696,1.16929,1.16936,,1.1696,1.16929,1.16936
2026-03-03T10:10:00+08:00,1.16932,1.16943,1.16899,1.16916,,1.16943,1.16899,1.16916
2026-03-03T10:15:00+08:00,1.16915,1.16925,1.16869,1.1688,,1.16925,1.16869,1.1688
2026-03-03T10:20:00+08:00,1.16881,1.1691,1.16861,1.1691,,1.1691,1.16861,1.1691
2026-03-03T10:25:00+08:00,1.16911,1.16955,1.16905,1.16943,,1.16955,1.16905,1.16943
2026-03-03T10:30:00+08:00,1.1694,1.16978,1.16923,1.16971,,1.16978,1.16923,1.16971
2026-03-03T10:35:00+08:00,1.1697,1.16986,1.16954,1.16972,,1.16986,1.16954,1.16972
2026-03-03T10:40:00+08:00,1.1697,1.16991,1.16951,1.16951,,1.16991,1.16951,1.16951
2026-03-03T10:45:00+08:00,1.16952,1.16969,1.16941,1.16954,,1.16969,1.16941,1.16954
2026-03-03T10:50:00+08:00,1.16951,1.16964,1.1694,1.1696,,1.16964,1.1694,1.1696
2026-03-03T10:55:00+08:00,1.16961,1.16968,1.16936,1.16944,,1.16968,1.16936,1.16944
2026-03-03T11:00:00+08:00,1.16947,1.16977,1.16945,1.16959,,1.16977,1.16945,1.16959
2026-03-03T11:05:00+08:00,1.1696,1.16961,1.16926,1.16929,,1.16961,1.16926,1.16929
2026-03-03T11:10:00+08:00,1.16928,1.16939,1.169,1.16908,,1.16939,1.169,1.16908
2026-03-03T11:15:00+08:00,1.16909,1.16932,1.16906,1.16918,,1.16932,1.16906,1.16918
2026-03-03T11:20:00+08:00,1.16918,1.16919,1.16881,1.16888,,1.16919,1.16881,1.16888
2026-03-03T11:25:00+08:00,1.16889,1.16891,1.16867,1.1687,,1.16891,1.16867,1.1687
2026-03-03T11:30:00+08:00,1.16871,1.16906,1.16862,1.16901,,1.16906,1.16862,1.16901
2026-03-03T11:35:00+08:00,1.16903,1.1693,1.16898,1.16927,,1.1693,1.16898,1.16927
2026-03-03T11:40:00+08:00,1.16926,1.1694,1.16919,1.16933,,1.1694,1.16919,1.16933
2026-03-03T11:45:00+08:00,1.16934,1.16941,1.16911,1.16913,,1.16941,1.16911,1.16913
2026-03-03T11:50:00+08:00,1.16914,1.16915,1.16895,1.16909,,1.16915,1.16895,1.16909
2026-03-03T11:55:00+08:00,1.16908,1.16923,1.16901,1.16904,,1.16923,1.16901,1.16904
2026-03-03T12:00:00+08:00,1.16909,1.16924,1.16902,1.16923,,1.16924,1.16902,1.16923
2026-03-03T12:05:00+08:00,1.16915,1.16935,1.16912,1.1692,,1.16935,1.16912,1.1692
2026-03-03T12:10:00+08:00,1.16921,1.16923,1.16882,1.16891,,1.16923,1.16882,1.16891
2026-03-03T12:15:00+08:00,1.16892,1.16906,1.16877,1.16903,,1.16906,1.16877,1.16903
2026-03-03T12:20:00+08:00,1.16906,1.16933,1.16905,1.16916,,1.16933,1.16905,1.16916
2026-03-03T12:25:00+08:00,1.16917,1.16927,1.16901,1.16904,,1.16927,1.16901,1.16904
2026-03-03T12:30:00+08:00,1.16904,1.16915,1.1689,1.16891,,1.16915,1.1689,1.16891
2026-03-03T12:35:00+08:00,1.16892,1.169,1.16867,1.16872,,1.169,1.16867,1.16872
2026-03-03T12:40:00+08:00,1.16871,1.16881,1.16861,1.16863,,1.16881,1.16861,1.16863
2026-03-03T12:45:00+08:00,1.16864,1.1687,1.16817,1.16818,,1.1687,1.16817,1.16818
2026-03-03T12:50:00+08:00,1.1682,1.16824,1.16802,1.16817,,1.16824,1.16802,1.16817
2026-03-03T12:55:00+08:00,1.16819,1.1683,1.16794,1.16811,,1.1683,1.16794,1.16811
2026-03-03T13:00:00+08:00,1.16812,1.16851,1.16796,1.16817,,1.16851,1.16796,1.16817
2026-03-03T13:05:00+08:00,1.16818,1.16849,1.16803,1.16843,,1.16849,1.16803,1.16843
2026-03-03T13:10:00+08:00,1.16844,1.16849,1.1679,1.16794,,1.16849,1.1679,1.16794
2026-03-03T13:15:00+08:00,1.16798,1.16806,1.16757,1.16799,,1.16806,1.16757,1.16799
2026-03-03T13:20:00+08:00,1.16797,1.16822,1.16797,1.16806,,1.16822,1.16797,1.16806
2026-03-03T13:25:00+08:00,1.16809,1.16818,1.1678,1.16803,,1.16818,1.1678,1.16803
2026-03-03T13:30:00+08:00,1.16805,1.16817,1.16745,1.1675,,1.16817,1.16745,1.1675
2026-03-03T13:35:00+08:00,1.16749,1.16753,1.16702,1.16706,,1.16753,1.16702,1.16706
2026-03-03T13:40:00+08:00,1.16705,1.16706,1.16669,1.16694,,1.16706,1.16669,1.16694
2026-03-03T13:45:00+08:00,1.16695,1.16704,1.16652,1.16676,,1.16704,1.16652,1.16676
2026-03-03T13:50:00+08:00,1.16675,1.16702,1.16657,1.16667,,1.16702,1.16657,1.16667
2026-03-03T13:55:00+08:00,1.16666,1.16688,1.16649,1.16667,,1.16688,1.16649,1.16667
2026-03-03T14:00:00+08:00,1.16673,1.16678,1.16627,1.16635,,1.16678,1.16627,1.16635
2026-03-03T14:05:00+08:00,1.16633,1.16673,1.16622,1.16673,,1.16673,1.16622,1.16673
2026-03-03T14:10:00+08:00,1.16675,1.16675,1.16636,1.16651,,1.16675,1.16636,1.16651
2026-03-03T14:15:00+08:00,1.16653,1.16669,1.16646,1.16653,,1.16669,1.16646,1.16653
2026-03-03T14:20:00+08:00,1.16655,1.16684,1.16651,1.16676,,1.16684,1.16651,1.16676
2026-03-03T14:25:00+08:00,1.16676,1.16707,1.16659,1.16686,,1.16707,1.16659,1.16686
2026-03-03T14:30:00+08:00,1.16685,1.16694,1.1664,1.16644,,1.16694,1.1664,1.16644
2026-03-03T14:35:00+08:00,1.16643,1.16662,1.16621,1.16662,,1.16662,1.16621,1.16662
2026-03-03T14:40:00+08:00,1.16661,1.16681,1.16654,1.16659,,1.16681,1.16654,1.16659
2026-03-03T14:45:00+08:00,1.1666,1.16667,1.16641,1.16658,,1.16667,1.16641,1.16658
2026-03-03T14:50:00+08:00,1.16657,1.16706,1.16657,1.16699,,1.16706,1.16657,1.16699
2026-03-03T14:55:00+08:00,1.167,1.16718,1.16688,1.16693,,1.16718,1.16688,1.16693
2026-03-03T15:00:00+08:00,1.16692,1.16692,1.16612,1.1665,,1.16692,1.16612,1.1665
2026-03-03T15:05:00+08:00,1.16648,1.16663,1.16591,1.16603,,1.16663,1.16591,1.16603
2026-03-03T15:10:00+08:00,1.16601,1.16635,1.16582,1.16624,,1.16635,1.16582,1.16624
2026-03-03T15:15:00+08:00,1.16626,1.16681,1.16615,1.16673,,1.16681,1.16615,1.16673
2026-03-03T15:20:00+08:00,1.16674,1.16685,1.16617,1.16624,,1.16685,1.16617,1.16624
2026-03-03T15:25:00+08:00,1.16622,1.16632,1.16552,1.16574,,1.16632,1.16552,1.16574
2026-03-03T15:30:00+08:00,1.16575,1.16575,1.1653,1.16537,,1.16575,1.1653,1.16537
2026-03-03T15:35:00+08:00,1.16536,1.16549,1.16508,1.16518,,1.16549,1.16508,1.16518
2026-03-03T15:40:00+08:00,1.16519,1.1653,1.16454,1.16528,,1.1653,1.16454,1.16528
2026-03-03T15:45:00+08:00,1.16533,1.16575,1.16487,1.16488,,1.16575,1.16487,1.16488
2026-03-03T15:50:00+08:00,1.1649,1.16507,1.1645,1.16496,,1.16507,1.1645,1.16496
2026-03-03T15:55:00+08:00,1.16498,1.16513,1.16428,1.16438,,1.16513,1.16428,1.16438
2026-03-03T16:00:00+08:00,1.16442,1.16459,1.16409,1.1641,,1.16459,1.16409,1.1641
2026-03-03T16:05:00+08:00,1.16412,1.16463,1.16378,1.16443,,1.16463,1.16378,1.16443
2026-03-03T16:10:00+08:00,1.16449,1.16451,1.16319,1.1633,,1.16451,1.16319,1.1633
2026-03-03T16:15:00+08:00,1.16338,1.16366,1.16299,1.16346,,1.16366,1.16299,1.16346
2026-03-03T16:20:00+08:00,1.16348,1.16374,1.16308,1.16308,,1.16374,1.16308,1.16308
2026-03-03T16:25:00+08:00,1.1631,1.16349,1.16293,1.16295,,1.16349,1.16293,1.16295
2026-03-03T16:30:00+08:00,1.16291,1.16383,1.16291,1.16305,,1.16383,1.16291,1.16305
2026-03-03T16:35:00+08:00,1.16306,1.16332,1.16259,1.16271,,1.16332,1.16259,1.16271
2026-03-03T16:40:00+08:00,1.16272,1.16289,1.16213,1.16236,,1.16289,1.16213,1.16236
2026-03-03T16:45:00+08:00,1.16238,1.16279,1.16184,1.16186,,1.16279,1.16184,1.16186
2026-03-03T16:50:00+08:00,1.16184,1.16253,1.16178,1.16241,,1.16253,1.16178,1.16241
2026-03-03T16:55:00+08:00,1.1624,1.16245,1.16206,1.1623,,1.16245,1.16206,1.1623
2026-03-03T17:00:00+08:00,1.16231,1.1629,1.16225,1.16249,,1.1629,1.16225,1.16249
2026-03-03T17:05:00+08:00,1.16244,1.16286,1.16201,1.1628,,1.16286,1.16201,1.1628
2026-03-03T17:10:00+08:00,1.16277,1.16291,1.16232,1.16284,,1.16291,1.16232,1.16284
2026-03-03T17:15:00+08:00,1.16285,1.16286,1.16211,1.1624,,1.16286,1.16211,1.1624
2026-03-03T17:20:00+08:00,1.16236,1.16251,1.16119,1.16177,,1.16251,1.16119,1.16177
2026-03-03T17:25:00+08:00,1.16179,1.16185,1.16129,1.16159,,1.16185,1.16129,1.16159
2026-03-03T17:30:00+08:00,1.1616,1.16171,1.16101,1.16102,,1.16171,1.16101,1.16102
2026-03-03T17:35:00+08:00,1.16105,1.16145,1.16067,1.16136,,1.16145,1.16067,1.16136
2026-03-03T17:40:00+08:00,1.16138,1.16149,1.16059,1.16062,,1.16149,1.16059,1.16062
2026-03-03T17:45:00+08:00,1.16064,1.16074,1.16002,1.16009,,1.16074,1.16002,1.16009
2026-03-03T17:50:00+08:00,1.1601,1.16036,1.15986,1.16032,,1.16036,1.15986,1.16032
2026-03-03T17:55:00+08:00,1.16035,1.16085,1.16012,1.16056,,1.16085,1.16012,1.16056
2026-03-03T18:00:00+08:00,1.16058,1.16128,1.1604,1.16119,,1.16128,1.1604,1.16119
2026-03-03T18:05:00+08:00,1.16117,1.16125,1.16028,1.1603,,1.16125,1.16028,1.1603
2026-03-03T18:10:00+08:00,1.16032,1.16042,1.16,1.16019,,1.16042,1.16,1.16019
2026-03-03T18:15:00+08:00,1.16018,1.16042,1.15995,1.16009,,1.16042,1.15995,1.16009
2026-03-03T18:20:00+08:00,1.1601,1.16091,1.1601,1.16048,,1.16091,1.1601,1.16048
2026-03-03T18:25:00+08:00,1.16053,1.16064,1.16014,1.16024,,1.16064,1.16014,1.16024
2026-03-03T18:30:00+08:00,1.16025,1.16046,1.16008,1.16028,,1.16046,1.16008,1.16028
2026-03-03T18:35:00+08:00,1.16027,1.16034,1.15893,1.1593,,1.16034,1.15893,1.1593
2026-03-03T18:40:00+08:00,1.15929,1.16,1.15929,1.1599,,1.16,1.15929,1.1599
2026-03-03T18:45:00+08:00,1.15989,1.16048,1.15965,1.16044,,1.16048,1.15965,1.16044
2026-03-03T18:50:00+08:00,1.16043,1.16043,1.15988,1.1602,,1.16043,1.15988,1.1602
2026-03-03T18:55:00+08:00,1.16018,1.16018,1.1591,1.15921,,1.16018,1.1591,1.15921
2026-03-03T19:00:00+08:00,1.1592,1.15956,1.15891,1.15944,,1.15956,1.15891,1.15944
2026-03-03T19:05:00+08:00,1.15943,1.16002,1.15864,1.1588,,1.16002,1.15864,1.1588
2026-03-03T19:10:00+08:00,1.15879,1.15885,1.15851,1.15869,,1.15885,1.15851,1.15869
2026-03-03T19:15:00+08:00,1.15867,1.15883,1.15823,1.15826,,1.15883,1.15823,1.15826
2026-03-03T19:20:00+08:00,1.15825,1.15901,1.15822,1.15883,,1.15901,1.15822,1.15883
2026-03-03T19:25:00+08:00,1.15889,1.15919,1.15828,1.15835,,1.15919,1.15828,1.15835
2026-03-03T19:30:00+08:00,1.15836,1.15868,1.1583,1.15833,,1.15868,1.1583,1.15833
2026-03-03T19:35:00+08:00,1.15834,1.15938,1.15828,1.15934,,1.15938,1.15828,1.15934
2026-03-03T19:40:00+08:00,1.15938,1.15965,1.15919,1.15945,,1.15965,1.15919,1.15945
2026-03-03T19:45:00+08:00,1.15946,1.16018,1.15942,1.16005,,1.16018,1.15942,1.16005
2026-03-03T19:50:00+08:00,1.16003,1.16036,1.16001,1.16017,,1.16036,1.16001,1.16017
2026-03-03T19:55:00+08:00,1.16018,1.1602,1.15944,1.15974,,1.1602,1.15944,1.15974
2026-03-03T20:00:00+08:00,1.1597,1.15975,1.15901,1.15914,,1.15975,1.15901,1.15914
2026-03-03T20:05:00+08:00,1.15915,1.16004,1.15902,1.15996,,1.16004,1.15902,1.15996
2026-03-03T20:10:00+08:00,1.15996,1.16034,1.15987,1.15994,,1.16034,1.15987,1.15994
2026-03-03T20:15:00+08:00,1.15993,1.1604,1.15954,1.16033,,1.1604,1.15954,1.16033
2026-03-03T20:20:00+08:00,1.16032,1.16123,1.16028,1.16066,,1.16123,1.16028,1.16066
2026-03-03T20:25:00+08:00,1.16065,1.16103,1.16033,1.16033,,1.16103,1.16033,1.16033
2026-03-03T20:30:00+08:00,1.16034,1.16091,1.16028,1.16052,,1.16091,1.16028,1.16052
2026-03-03T20:35:00+08:00,1.1605,1.16105,1.1603,1.16088,,1.16105,1.1603,1.16088
2026-03-03T20:40:00+08:00,1.16089,1.16096,1.16053,1.16074,,1.16096,1.16053,1.16074
2026-03-03T20:45:00+08:00,1.16073,1.16111,1.16058,1.16094,,1.16111,1.16058,1.16094
2026-03-03T20:50:00+08:00,1.16093,1.16113,1.16056,1.16092,,1.16113,1.16056,1.16092
2026-03-03T20:55:00+08:00,1.16093,1.16153,1.16074,1.16128,,1.16153,1.16074,1.16128
2026-03-03T21:00:00+08:00,1.16129,1.16152,1.16048,1.16048,,1.16152,1.16048,1.16048
2026-03-03T21:05:00+08:00,1.16047,1.16106,1.16039,1.16064,,1.16106,1.16039,1.16064
2026-03-03T21:10:00+08:00,1.16066,1.16088,1.16034,1.16041,,1.16088,1.16034,1.16041
2026-03-03T21:15:00+08:00,1.16043,1.16043,1.15996,1.16018,,1.16043,1.15996,1.16018
2026-03-03T21:20:00+08:00,1.16021,1.16029,1.1599,1.16023,,1.16029,1.1599,1.16023
2026-03-03T21:25:00+08:00,1.16022,1.16031,1.15991,1.16004,,1.16031,1.15991,1.16004
2026-03-03T21:30:00+08:00,1.16,1.16053,1.15987,1.16002,,1.16053,1.15987,1.16002
2026-03-03T21:35:00+08:00,1.16001,1.16015,1.15972,1.16011,,1.16015,1.15972,1.16011
2026-03-03T21:40:00+08:00,1.1601,1.16021,1.15951,1.15995,,1.16021,1.15951,1.15995
2026-03-03T21:45:00+08:00,1.15994,1.16024,1.15974,1.16019,,1.16024,1.15974,1.16019
2026-03-03T21:50:00+08:00,1.16018,1.16044,1.1593,1.15944,,1.16044,1.1593,1.15944
2026-03-03T21:55:00+08:00,1.15945,1.15973,1.15902,1.15906,,1.15973,1.15902,1.15906
2026-03-03T22:00:00+08:00,1.15907,1.15981,1.15905,1.15955,,1.15981,1.15905,1.15955
2026-03-03T22:05:00+08:00,1.15957,1.15997,1.15914,1.15914,,1.15997,1.15914,1.15914
2026-03-03T22:10:00+08:00,1.15913,1.15921,1.1584,1.1585,,1.15921,1.1584,1.1585
2026-03-03T22:15:00+08:00,1.15852,1.1586,1.15807,1.15831,,1.1586,1.15807,1.15831
2026-03-03T22:20:00+08:00,1.1583,1.15849,1.15743,1.15743,,1.15849,1.15743,1.15743
2026-03-03T22:25:00+08:00,1.15744,1.1578,1.15674,1.15755,,1.1578,1.15674,1.15755
2026-03-03T22:30:00+08:00,1.15754,1.15856,1.15749,1.15801,,1.15856,1.15749,1.15801
2026-03-03T22:35:00+08:00,1.15799,1.1583,1.1576,1.15812,,1.1583,1.1576,1.15812
2026-03-03T22:40:00+08:00,1.15811,1.15815,1.15697,1.15715,,1.15815,1.15697,1.15715
2026-03-03T22:45:00+08:00,1.15715,1.15782,1.15691,1.15742,,1.15782,1.15691,1.15742
2026-03-03T22:50:00+08:00,1.1574,1.15792,1.15714,1.15757,,1.15792,1.15714,1.15757
2026-03-03T22:55:00+08:00,1.15758,1.15759,1.15649,1.15676,,1.15759,1.15649,1.15676
2026-03-03T23:00:00+08:00,1.15677,1.15729,1.1563,1.15634,,1.15729,1.1563,1.15634
2026-03-03T23:05:00+08:00,1.15632,1.15673,1.1553,1.15532,,1.15673,1.1553,1.15532
2026-03-03T23:10:00+08:00,1.15534,1.15574,1.15433,1.15489,,1.15574,1.15433,1.15489
2026-03-03T23:15:00+08:00,1.1549,1.15499,1.15324,1.15339,,1.15499,1.15324,1.15339
2026-03-03T23:20:00+08:00,1.15336,1.15495,1.15302,1.1549,,1.15495,1.15302,1.1549
2026-03-03T23:25:00+08:00,1.15489,1.1556,1.15477,1.15525,,1.1556,1.15477,1.15525
2026-03-03T23:30:00+08:00,1.15516,1.15687,1.15516,1.15665,,1.15687,1.15516,1.15665
2026-03-03T23:35:00+08:00,1.15673,1.15759,1.15647,1.1575,,1.15759,1.15647,1.1575
2026-03-03T23:40:00+08:00,1.15746,1.1585,1.15715,1.15748,,1.1585,1.15715,1.15748
2026-03-03T23:45:00+08:00,1.15746,1.15804,1.15733,1.15769,,1.15804,1.15733,1.15769
2026-03-03T23:50:00+08:00,1.15772,1.15778,1.15706,1.15773,,1.15778,1.15706,1.15773
2026-03-03T23:55:00+08:00,1.15772,1.15781,1.15724,1.1573,,1.15781,1.15724,1.1573
2026-03-04T00:00:00+08:00,1.15731,1.15807,1.15694,1.15798,,1.15807,1.15694,1.15798
2026-03-04T00:05:00+08:00,1.15796,1.15861,1.15787,1.1581,,1.15861,1.15787,1.1581
2026-03-04T00:10:00+08:00,1.15808,1.15905,1.15795,1.15893,,1.15905,1.15795,1.15893
2026-03-04T00:15:00+08:00,1.15894,1.1593,1.15876,1.15878,,1.1593,1.15876,1.15878
2026-03-04T00:20:00+08:00,1.15881,1.15958,1.1585,1.15955,,1.15958,1.1585,1.15955
2026-03-04T00:25:00+08:00,1.1596,1.1596,1.15872,1.15872,,1.1596,1.15872,1.15872
2026-03-04T00:30:00+08:00,1.15866,1.15886,1.15791,1.15817,,1.15886,1.15791,1.15817
2026-03-04T00:35:00+08:00,1.15816,1.15901,1.15816,1.15881,,1.15901,1.15816,1.15881
2026-03-04T00:40:00+08:00,1.1588,1.1593,1.15791,1.15918,,1.1593,1.15791,1.15918
2026-03-04T00:45:00+08:00,1.15917,1.16043,1.15911,1.16009,,1.16043,1.15911,1.16009
2026-03-04T00:50:00+08:00,1.1601,1.16028,1.15981,1.16024,,1.16028,1.15981,1.16024
2026-03-04T00:55:00+08:00,1.16032,1.16059,1.16006,1.16031,,1.16059,1.16006,1.16031
2026-03-04T01:00:00+08:00,1.16031,1.16034,1.15942,1.15956,,1.16034,1.15942,1.15956
2026-03-04T01:05:00+08:00,1.15957,1.15984,1.15931,1.15934,,1.15984,1.15931,1.15934
2026-03-04T01:10:00+08:00,1.15932,1.15933,1.15887,1.15911,,1.15933,1.15887,1.15911
2026-03-04T01:15:00+08:00,1.15912,1.15928,1.15868,1.15907,,1.15928,1.15868,1.15907
2026-03-04T01:20:00+08:00,1.15905,1.15962,1.1588,1.15895,,1.15962,1.1588,1.15895
2026-03-04T01:25:00+08:00,1.15897,1.15992,1.15894,1.15975,,1.15992,1.15894,1.15975
2026-03-04T01:30:00+08:00,1.15976,1.15987,1.15884,1.15915,,1.15987,1.15884,1.15915
2026-03-04T01:35:00+08:00,1.15914,1.15926,1.1589,1.15911,,1.15926,1.1589,1.15911
2026-03-04T01:40:00+08:00,1.15909,1.15941,1.15886,1.15938,,1.15941,1.15886,1.15938
2026-03-04T01:45:00+08:00,1.15939,1.16025,1.15938,1.16024,,1.16025,1.15938,1.16024
2026-03-04T01:50:00+08:00,1.16023,1.16029,1.1592,1.15926,,1.16029,1.1592,1.15926
2026-03-04T01:55:00+08:00,1.15925,1.15926,1.15886,1.15906,,1.15926,1.15886,1.15906
2026-03-04T02:00:00+08:00,1.15906,1.15987,1.15901,1.15977,,1.15987,1.15901,1.15977
2026-03-04T02:05:00+08:00,1.15978,1.16064,1.15969,1.16048,,1.16064,1.15969,1.16048
2026-03-04T02:10:00+08:00,1.16049,1.16062,1.16006,1.1603,,1.16062,1.16006,1.1603
2026-03-04T02:15:00+08:00,1.16033,1.16054,1.16023,1.16049,,1.16054,1.16023,1.16049
2026-03-04T02:20:00+08:00,1.16047,1.16064,1.16009,1.16056,,1.16064,1.16009,1.16056
2026-03-04T02:25:00+08:00,1.16055,1.16078,1.16029,1.16046,,1.16078,1.16029,1.16046
2026-03-04T02:30:00+08:00,1.16045,1.16124,1.16034,1.16079,,1.16124,1.16034,1.16079
2026-03-04T02:35:00+08:00,1.1608,1.16185,1.1607,1.16178,,1.16185,1.1607,1.16178
2026-03-04T02:40:00+08:00,1.1618,1.1622,1.16154,1.16174,,1.1622,1.16154,1.16174
2026-03-04T02:45:00+08:00,1.16173,1.16206,1.16155,1.16202,,1.16206,1.16155,1.16202
2026-03-04T02:50:00+08:00,1.16203,1.16209,1.1614,1.16155,,1.16209,1.1614,1.16155
2026-03-04T02:55:00+08:00,1.16151,1.16177,1.16128,1.16157,,1.16177,1.16128,1.16157
2026-03-04T03:00:00+08:00,1.16156,1.16189,1.16141,1.16146,,1.16189,1.16141,1.16146
2026-03-04T03:05:00+08:00,1.16144,1.16147,1.16066,1.16075,,1.16147,1.16066,1.16075
2026-03-04T03:10:00+08:00,1.16076,1.16102,1.16054,1.16091,,1.16102,1.16054,1.16091
2026-03-04T03:15:00+08:00,1.16093,1.16105,1.1604,1.16071,,1.16105,1.1604,1.16071
2026-03-04T03:20:00+08:00,1.1607,1.16095,1.16057,1.16062,,1.16095,1.16057,1.16062
2026-03-04T03:25:00+08:00,1.16062,1.16069,1.16022,1.1603,,1.16069,1.16022,1.1603
2026-03-04T03:30:00+08:00,1.1603,1.16042,1.16012,1.16019,,1.16042,1.16012,1.16019
2026-03-04T03:35:00+08:00,1.16022,1.16175,1.15997,1.16157,,1.16175,1.15997,1.16157
2026-03-04T03:40:00+08:00,1.16158,1.16257,1.16158,1.1622,,1.16257,1.16158,1.1622
2026-03-04T03:45:00+08:00,1.16221,1.16245,1.16152,1.16187,,1.16245,1.16152,1.16187
2026-03-04T03:50:00+08:00,1.16186,1.16233,1.16169,1.16183,,1.16233,1.16169,1.16183
2026-03-04T03:55:00+08:00,1.16184,1.16192,1.16116,1.16125,,1.16192,1.16116,1.16125
2026-03-04T04:00:00+08:00,1.16124,1.16162,1.16112,1.16138,,1.16162,1.16112,1.16138
2026-03-04T04:05:00+08:00,1.16136,1.16191,1.16132,1.1618,,1.16191,1.16132,1.1618
2026-03-04T04:10:00+08:00,1.16175,1.16221,1.16175,1.162,,1.16221,1.16175,1.162
2026-03-04T04:15:00+08:00,1.16199,1.16214,1.16158,1.1621,,1.16214,1.16158,1.1621
2026-03-04T04:20:00+08:00,1.16212,1.16233,1.16208,1.1623,,1.16233,1.16208,1.1623
2026-03-04T04:25:00+08:00,1.16228,1.16241,1.1621,1.16217,,1.16241,1.1621,1.16217
2026-03-04T04:30:00+08:00,1.16216,1.16245,1.16203,1.16207,,1.16245,1.16203,1.16207
2026-03-04T04:35:00+08:00,1.16206,1.16231,1.162,1.16204,,1.16231,1.162,1.16204
2026-03-04T04:40:00+08:00,1.16205,1.16213,1.1617,1.16194,,1.16213,1.1617,1.16194
2026-03-04T04:45:00+08:00,1.16195,1.16202,1.16139,1.16148,,1.16202,1.16139,1.16148
2026-03-04T04:50:00+08:00,1.16149,1.16185,1.16134,1.1618,,1.16185,1.16134,1.1618
2026-03-04T04:55:00+08:00,1.16177,1.16185,1.16164,1.16175,,1.16185,1.16164,1.16175
2026-03-04T05:00:00+08:00,1.16176,1.16177,1.16148,1.16165,,1.16177,1.16148,1.16165
2026-03-04T05:05:00+08:00,1.16165,1.16183,1.16157,1.16161,,1.16183,1.16157,1.16161
2026-03-04T05:10:00+08:00,1.1616,1.16166,1.16138,1.16142,,1.16166,1.16138,1.16142
2026-03-04T05:15:00+08:00,1.16143,1.16146,1.16122,1.16125,,1.16146,1.16122,1.16125
2026-03-04T05:20:00+08:00,1.16125,1.16141,1.16124,1.16141,,1.16141,1.16124,1.16141
2026-03-04T05:25:00+08:00,1.1614,1.16157,1.16134,1.16144,,1.16157,1.16134,1.16144
2026-03-04T05:30:00+08:00,1.16143,1.16154,1.16139,1.16146,,1.16154,1.16139,1.16146
2026-03-04T05:35:00+08:00,1.16145,1.16146,1.16127,1.16132,,1.16146,1.16127,1.16132
2026-03-04T05:40:00+08:00,1.16131,1.16143,1.16125,1.16131,,1.16143,1.16125,1.16131
2026-03-04T05:45:00+08:00,1.16131,1.16136,1.16099,1.16105,,1.16136,1.16099,1.16105
2026-03-04T05:50:00+08:00,1.16105,1.16118,1.16101,1.1611,,1.16118,1.16101,1.1611
2026-03-04T05:55:00+08:00,1.1611,1.16142,1.1611,1.16122,,1.16142,1.1611,1.16122
2026-03-04T06:00:00+08:00,1.16096,1.16096,1.16052,1.16058,,1.16096,1.16052,1.16058
2026-03-04T06:05:00+08:00,1.16058,1.16148,1.16052,1.16148,,1.16148,1.16052,1.16148
2026-03-04T06:10:00+08:00,1.16148,1.16152,1.16076,1.16088,,1.16152,1.16076,1.16088
2026-03-04T06:15:00+08:00,1.16087,1.16127,1.16083,1.16127,,1.16127,1.16083,1.16127
2026-03-04T06:20:00+08:00,1.16128,1.16152,1.16093,1.16145,,1.16152,1.16093,1.16145
2026-03-04T06:25:00+08:00,1.16144,1.16149,1.16115,1.1612,,1.16149,1.16115,1.1612
2026-03-04T06:30:00+08:00,1.16119,1.16119,1.161,1.16103,,1.16119,1.161,1.16103
2026-03-04T06:35:00+08:00,1.16107,1.1611,1.16098,1.16107,,1.1611,1.16098,1.16107
2026-03-04T06:40:00+08:00,1.16107,1.16116,1.16102,1.16107,,1.16116,1.16102,1.16107
2026-03-04T06:45:00+08:00,1.16106,1.16111,1.16101,1.16104,,1.16111,1.16101,1.16104
2026-03-04T06:50:00+08:00,1.16105,1.16118,1.16099,1.16114,,1.16118,1.16099,1.16114
2026-03-04T06:55:00+08:00,1.16111,1.16119,1.16101,1.16115,,1.16119,1.16101,1.16115
2026-03-04T07:00:00+08:00,1.16119,1.16133,1.16104,1.16106,,1.16133,1.16104,1.16106
2026-03-04T07:05:00+08:00,1.16109,1.16154,1.16108,1.16152,,1.16154,1.16108,1.16152
2026-03-04T07:10:00+08:00,1.1615,1.16193,1.16149,1.16193,,1.16193,1.16149,1.16193
2026-03-04T07:15:00+08:00,1.16194,1.16203,1.16187,1.16189,,1.16203,1.16187,1.16189
2026-03-04T07:20:00+08:00,1.16193,1.16193,1.16158,1.16162,,1.16193,1.16158,1.16162
2026-03-04T07:25:00+08:00,1.16161,1.16174,1.16155,1.16167,,1.16174,1.16155,1.16167
2026-03-04T07:30:00+08:00,1.16168,1.16172,1.16151,1.16151,,1.16172,1.16151,1.16151
2026-03-04T07:35:00+08:00,1.1615,1.16162,1.1614,1.16142,,1.16162,1.1614,1.16142
2026-03-04T07:40:00+08:00,1.16143,1.16143,1.16124,1.16126,,1.16143,1.16124,1.16126
2026-03-04T07:45:00+08:00,1.16127,1.16127,1.16097,1.16109,,1.16127,1.16097,1.16109
2026-03-04T07:50:00+08:00,1.1611,1.16118,1.16088,1.16117,,1.16118,1.16088,1.16117
2026-03-04T07:55:00+08:00,1.16118,1.16128,1.16105,1.16106,,1.16128,1.16105,1.16106
2026-03-04T08:00:00+08:00,1.16107,1.16111,1.16048,1.16059,,1.16111,1.16048,1.16059
2026-03-04T08:05:00+08:00,1.1606,1.16072,1.16029,1.16042,,1.16072,1.16029,1.16042
2026-03-04T08:10:00+08:00,1.16041,1.1608,1.16029,1.16062,,1.1608,1.16029,1.16062
2026-03-04T08:15:00+08:00,1.16061,1.16104,1.16017,1.16096,,1.16104,1.16017,1.16096
2026-03-04T08:20:00+08:00,1.16097,1.16101,1.16027,1.16049,,1.16101,1.16027,1.16049
2026-03-04T08:25:00+08:00,1.16051,1.16085,1.16024,1.16043,,1.16085,1.16024,1.16043
2026-03-04T08:30:00+08:00,1.16044,1.16079,1.16015,1.16016,,1.16079,1.16015,1.16016
2026-03-04T08:35:00+08:00,1.16015,1.16019,1.15971,1.15974,,1.16019,1.15971,1.15974
2026-03-04T08:40:00+08:00,1.15974,1.15979,1.15943,1.15944,,1.15979,1.15943,1.15944
2026-03-04T08:45:00+08:00,1.15944,1.15958,1.1593,1.15945,,1.15958,1.1593,1.15945
2026-03-04T08:50:00+08:00,1.15943,1.15968,1.15928,1.15938,,1.15968,1.15928,1.15938
2026-03-04T08:55:00+08:00,1.15939,1.15946,1.15923,1.15931,,1.15946,1.15923,1.15931
2026-03-04T09:00:00+08:00,1.15932,1.15977,1.15925,1.15939,,1.15977,1.15925,1.15939
2026-03-04T09:05:00+08:00,1.15938,1.15941,1.15902,1.15905,,1.15941,1.15902,1.15905
2026-03-04T09:10:00+08:00,1.15908,1.15943,1.15902,1.15935,,1.15943,1.15902,1.15935
2026-03-04T09:15:00+08:00,1.15934,1.15934,1.15853,1.15856,,1.15934,1.15853,1.15856
2026-03-04T09:20:00+08:00,1.15855,1.15861,1.15784,1.15788,,1.15861,1.15784,1.15788
2026-03-04T09:25:00+08:00,1.15787,1.15817,1.15747,1.15805,,1.15817,1.15747,1.15805
2026-03-04T09:30:00+08:00,1.15807,1.1582,1.15767,1.15775,,1.1582,1.15767,1.15775
2026-03-04T09:35:00+08:00,1.15775,1.15898,1.15775,1.15881,,1.15898,1.15775,1.15881
2026-03-04T09:40:00+08:00,1.15879,1.15943,1.15875,1.15941,,1.15943,1.15875,1.15941
2026-03-04T09:45:00+08:00,1.1594,1.15947,1.15911,1.1593,,1.15947,1.15911,1.1593
2026-03-04T09:50:00+08:00,1.15933,1.15958,1.15921,1.15936,,1.15958,1.15921,1.15936
2026-03-04T09:55:00+08:00,1.15936,1.1595,1.15929,1.15938,,1.1595,1.15929,1.15938
2026-03-04T10:00:00+08:00,1.15939,1.1596,1.15912,1.15945,,1.1596,1.15912,1.15945
2026-03-04T10:05:00+08:00,1.15943,1.15967,1.15935,1.15947,,1.15967,1.15935,1.15947
2026-03-04T10:10:00+08:00,1.15948,1.15996,1.15937,1.1597,,1.15996,1.15937,1.1597
2026-03-04T10:15:00+08:00,1.15969,1.15987,1.15947,1.15985,,1.15987,1.15947,1.15985
2026-03-04T10:20:00+08:00,1.15987,1.16003,1.15979,1.15993,,1.16003,1.15979,1.15993
2026-03-04T10:25:00+08:00,1.1599,1.15998,1.15972,1.15978,,1.15998,1.15972,1.15978
2026-03-04T10:30:00+08:00,1.15981,1.15996,1.15963,1.15981,,1.15996,1.15963,1.15981
2026-03-04T10:35:00+08:00,1.15979,1.15983,1.15938,1.15965,,1.15983,1.15938,1.15965
2026-03-04T10:40:00+08:00,1.15965,1.16013,1.15964,1.16003,,1.16013,1.15964,1.16003
2026-03-04T10:45:00+08:00,1.16004,1.16016,1.15988,1.16007,,1.16016,1.15988,1.16007
2026-03-04T10:50:00+08:00,1.16008,1.16043,1.15989,1.15992,,1.16043,1.15989,1.15992
2026-03-04T10:55:00+08:00,1.15991,1.16002,1.15977,1.15982,,1.16002,1.15977,1.15982
2026-03-04T11:00:00+08:00,1.1598,1.15998,1.15953,1.15964,,1.15998,1.15953,1.15964
2026-03-04T11:05:00+08:00,1.15965,1.15996,1.15957,1.15994,,1.15996,1.15957,1.15994
2026-03-04T11:10:00+08:00,1.15992,1.16,1.15968,1.15998,,1.16,1.15968,1.15998
2026-03-04T11:15:00+08:00,1.15997,1.16004,1.15988,1.15993,,1.16004,1.15988,1.15993
2026-03-04T11:20:00+08:00,1.15994,1.16031,1.15987,1.16024,,1.16031,1.15987,1.16024
2026-03-04T11:25:00+08:00,1.16022,1.16029,1.15995,1.15997,,1.16029,1.15995,1.15997
2026-03-04T11:30:00+08:00,1.16,1.16024,1.15984,1.16001,,1.16024,1.15984,1.16001
2026-03-04T11:35:00+08:00,1.16002,1.1604,1.15988,1.16035,,1.1604,1.15988,1.16035
2026-03-04T11:40:00+08:00,1.16036,1.16042,1.16017,1.16023,,1.16042,1.16017,1.16023
2026-03-04T11:45:00+08:00,1.16024,1.16066,1.16018,1.16065,,1.16066,1.16018,1.16065
2026-03-04T11:50:00+08:00,1.16066,1.16087,1.16059,1.16075,,1.16087,1.16059,1.16075
2026-03-04T11:55:00+08:00,1.16074,1.16094,1.16074,1.16085,,1.16094,1.16074,1.16085
2026-03-04T12:00:00+08:00,1.16084,1.16101,1.16083,1.1609,,1.16101,1.16083,1.1609
2026-03-04T12:05:00+08:00,1.16089,1.16104,1.16074,1.16076,,1.16104,1.16074,1.16076
2026-03-04T12:10:00+08:00,1.16075,1.16092,1.16067,1.16087,,1.16092,1.16067,1.16087
2026-03-04T12:15:00+08:00,1.16088,1.161,1.16074,1.16084,,1.161,1.16074,1.16084
2026-03-04T12:20:00+08:00,1.16083,1.16084,1.16052,1.16054,,1.16084,1.16052,1.16054
2026-03-04T12:25:00+08:00,1.16055,1.16061,1.16038,1.1604,,1.16061,1.16038,1.1604
2026-03-04T12:30:00+08:00,1.16041,1.16044,1.16002,1.1601,,1.16044,1.16002,1.1601
2026-03-04T12:35:00+08:00,1.16011,1.16016,1.15974,1.15992,,1.16016,1.15974,1.15992
2026-03-04T12:40:00+08:00,1.15991,1.15993,1.15955,1.15972,,1.15993,1.15955,1.15972
2026-03-04T12:45:00+08:00,1.15971,1.15981,1.15947,1.15951,,1.15981,1.15947,1.15951
2026-03-04T12:50:00+08:00,1.15952,1.15953,1.15904,1.15928,,1.15953,1.15904,1.15928
2026-03-04T12:55:00+08:00,1.15929,1.15949,1.15928,1.1593,,1.15949,1.15928,1.1593
2026-03-04T13:00:00+08:00,1.15927,1.15945,1.15918,1.15926,,1.15945,1.15918,1.15926
2026-03-04T13:05:00+08:00,1.15925,1.15962,1.15923,1.15962,,1.15962,1.15923,1.15962
2026-03-04T13:10:00+08:00,1.15963,1.15991,1.15957,1.15967,,1.15991,1.15957,1.15967
2026-03-04T13:15:00+08:00,1.15966,1.15988,1.15941,1.15944,,1.15988,1.15941,1.15944
2026-03-04T13:20:00+08:00,1.15945,1.15952,1.15918,1.15925,,1.15952,1.15918,1.15925
2026-03-04T13:25:00+08:00,1.15924,1.15925,1.15898,1.15919,,1.15925,1.15898,1.15919
2026-03-04T13:30:00+08:00,1.15921,1.15922,1.15904,1.15907,,1.15922,1.15904,1.15907
2026-03-04T13:35:00+08:00,1.15908,1.15922,1.15896,1.159,,1.15922,1.15896,1.159
2026-03-04T13:40:00+08:00,1.15901,1.15923,1.15879,1.15886,,1.15923,1.15879,1.15886
2026-03-04T13:45:00+08:00,1.15885,1.15942,1.15872,1.15942,,1.15942,1.15872,1.15942
2026-03-04T13:50:00+08:00,1.15947,1.15971,1.15938,1.15963,,1.15971,1.15938,1.15963
2026-03-04T13:55:00+08:00,1.15959,1.15963,1.15915,1.15952,,1.15963,1.15915,1.15952
2026-03-04T14:00:00+08:00,1.15946,1.15948,1.15899,1.15907,,1.15948,1.15899,1.15907
2026-03-04T14:05:00+08:00,1.15907,1.15943,1.159,1.15937,,1.15943,1.159,1.15937
2026-03-04T14:10:00+08:00,1.15937,1.15971,1.15934,1.15949,,1.15971,1.15934,1.15949
2026-03-04T14:15:00+08:00,1.15948,1.15985,1.15942,1.15969,,1.15985,1.15942,1.15969
2026-03-04T14:20:00+08:00,1.1597,1.16015,1.15967,1.15996,,1.16015,1.15967,1.15996
2026-03-04T14:25:00+08:00,1.15998,1.16075,1.15997,1.16057,,1.16075,1.15997,1.16057
2026-03-04T14:30:00+08:00,1.16059,1.16141,1.16057,1.16141,,1.16141,1.16057,1.16141
2026-03-04T14:35:00+08:00,1.1614,1.16157,1.16115,1.16145,,1.16157,1.16115,1.16145
2026-03-04T14:40:00+08:00,1.16145,1.16178,1.16143,1.16152,,1.16178,1.16143,1.16152
2026-03-04T14:45:00+08:00,1.16152,1.16162,1.16117,1.16157,,1.16162,1.16117,1.16157
2026-03-04T14:50:00+08:00,1.16156,1.16157,1.16129,1.16135,,1.16157,1.16129,1.16135
2026-03-04T14:55:00+08:00,1.16136,1.16147,1.16105,1.16108,,1.16147,1.16105,1.16108
2026-03-04T15:00:00+08:00,1.16107,1.16152,1.16107,1.16147,,1.16152,1.16107,1.16147
2026-03-04T15:05:00+08:00,1.16151,1.162,1.16148,1.16179,,1.162,1.16148,1.16179
2026-03-04T15:10:00+08:00,1.16179,1.16182,1.16139,1.16166,,1.16182,1.16139,1.16166
2026-03-04T15:15:00+08:00,1.16165,1.16221,1.16127,1.16141,,1.16221,1.16127,1.16141
2026-03-04T15:20:00+08:00,1.16142,1.16178,1.16129,1.16165,,1.16178,1.16129,1.16165
2026-03-04T15:25:00+08:00,1.16164,1.16232,1.16164,1.16208,,1.16232,1.16164,1.16208
2026-03-04T15:30:00+08:00,1.16219,1.1628,1.16207,1.16244,,1.1628,1.16207,1.16244
2026-03-04T15:35:00+08:00,1.1624,1.16264,1.16214,1.16225,,1.16264,1.16214,1.16225
2026-03-04T15:40:00+08:00,1.16222,1.16252,1.16222,1.16241,,1.16252,1.16222,1.16241
2026-03-04T15:45:00+08:00,1.1624,1.16255,1.16225,1.1624,,1.16255,1.16225,1.1624
2026-03-04T15:50:00+08:00,1.16237,1.16237,1.16187,1.16207,,1.16237,1.16187,1.16207
2026-03-04T15:55:00+08:00,1.16208,1.1621,1.16158,1.16158,,1.1621,1.16158,1.16158
2026-03-04T16:00:00+08:00,1.16163,1.16171,1.16069,1.16082,,1.16171,1.16069,1.16082
2026-03-04T16:05:00+08:00,1.1608,1.16134,1.1607,1.16122,,1.16134,1.1607,1.16122
2026-03-04T16:10:00+08:00,1.16123,1.1613,1.16035,1.16091,,1.1613,1.16035,1.16091
2026-03-04T16:15:00+08:00,1.16089,1.16095,1.16042,1.16051,,1.16095,1.16042,1.16051
2026-03-04T16:20:00+08:00,1.16046,1.16072,1.16015,1.16045,,1.16072,1.16015,1.16045
2026-03-04T16:25:00+08:00,1.16044,1.1605,1.15988,1.1599,,1.1605,1.15988,1.1599
2026-03-04T16:30:00+08:00,1.15988,1.16062,1.15972,1.16018,,1.16062,1.15972,1.16018
2026-03-04T16:35:00+08:00,1.16018,1.16037,1.15985,1.1599,,1.16037,1.15985,1.1599
2026-03-04T16:40:00+08:00,1.15986,1.16027,1.15961,1.15994,,1.16027,1.15961,1.15994
2026-03-04T16:45:00+08:00,1.15995,1.16063,1.15984,1.16046,,1.16063,1.15984,1.16046
2026-03-04T16:50:00+08:00,1.16044,1.1605,1.16008,1.1602,,1.1605,1.16008,1.1602
2026-03-04T16:55:00+08:00,1.16023,1.16034,1.15952,1.15996,,1.16034,1.15952,1.15996
2026-03-04T17:00:00+08:00,1.15995,1.16003,1.15924,1.15967,,1.16003,1.15924,1.15967
2026-03-04T17:05:00+08:00,1.15971,1.16002,1.15945,1.15977,,1.16002,1.15945,1.15977
2026-03-04T17:10:00+08:00,1.15978,1.16085,1.15969,1.16071,,1.16085,1.15969,1.16071
2026-03-04T17:15:00+08:00,1.1607,1.16176,1.16069,1.16147,,1.16176,1.16069,1.16147
2026-03-04T17:20:00+08:00,1.16145,1.16185,1.16129,1.16173,,1.16185,1.16129,1.16173
2026-03-04T17:25:00+08:00,1.16172,1.16177,1.1613,1.16142,,1.16177,1.1613,1.16142
2026-03-04T17:30:00+08:00,1.16143,1.16174,1.16125,1.16142,,1.16174,1.16125,1.16142
2026-03-04T17:35:00+08:00,1.16141,1.16163,1.1613,1.16146,,1.16163,1.1613,1.16146
2026-03-04T17:40:00+08:00,1.16147,1.16171,1.16118,1.16145,,1.16171,1.16118,1.16145
2026-03-04T17:45:00+08:00,1.16147,1.16186,1.16139,1.16176,,1.16186,1.16139,1.16176
2026-03-04T17:50:00+08:00,1.16175,1.16199,1.1609,1.16095,,1.16199,1.1609,1.16095
2026-03-04T17:55:00+08:00,1.16096,1.16104,1.16065,1.16087,,1.16104,1.16065,1.16087
2026-03-04T18:00:00+08:00,1.16086,1.16168,1.16086,1.16161,,1.16168,1.16086,1.16161
2026-03-04T18:05:00+08:00,1.1616,1.1647,1.16144,1.16433,,1.1647,1.16144,1.16433
2026-03-04T18:10:00+08:00,1.16432,1.16471,1.16316,1.16392,,1.16471,1.16316,1.16392
2026-03-04T18:15:00+08:00,1.16393,1.16414,1.16291,1.16335,,1.16414,1.16291,1.16335
2026-03-04T18:20:00+08:00,1.16335,1.16411,1.16309,1.16396,,1.16411,1.16309,1.16396
2026-03-04T18:25:00+08:00,1.16394,1.16397,1.16333,1.1636,,1.16397,1.16333,1.1636
2026-03-04T18:30:00+08:00,1.16359,1.16385,1.16258,1.16269,,1.16385,1.16258,1.16269
2026-03-04T18:35:00+08:00,1.16267,1.16319,1.16267,1.16312,,1.16319,1.16267,1.16312
2026-03-04T18:40:00+08:00,1.16311,1.16361,1.1628,1.16345,,1.16361,1.1628,1.16345
2026-03-04T18:45:00+08:00,1.16342,1.16406,1.1633,1.16354,,1.16406,1.1633,1.16354
2026-03-04T18:50:00+08:00,1.16354,1.16368,1.16303,1.16342,,1.16368,1.16303,1.16342
2026-03-04T18:55:00+08:00,1.16341,1.16353,1.16314,1.16342,,1.16353,1.16314,1.16342
2026-03-04T19:00:00+08:00,1.16334,1.16382,1.16326,1.16348,,1.16382,1.16326,1.16348
2026-03-04T19:05:00+08:00,1.16346,1.16359,1.16327,1.16348,,1.16359,1.16327,1.16348
2026-03-04T19:10:00+08:00,1.16347,1.16453,1.16346,1.16451,,1.16453,1.16346,1.16451
2026-03-04T19:15:00+08:00,1.1645,1.16496,1.16447,1.16489,,1.16496,1.16447,1.16489
2026-03-04T19:20:00+08:00,1.1649,1.16545,1.16476,1.16543,,1.16545,1.16476,1.16543
2026-03-04T19:25:00+08:00,1.16541,1.16549,1.16435,1.16445,,1.16549,1.16435,1.16445
2026-03-04T19:30:00+08:00,1.16444,1.16457,1.16382,1.1639,,1.16457,1.16382,1.1639
2026-03-04T19:35:00+08:00,1.16388,1.16417,1.16369,1.16395,,1.16417,1.16369,1.16395
2026-03-04T19:40:00+08:00,1.16393,1.16398,1.16347,1.16351,,1.16398,1.16347,1.16351
2026-03-04T19:45:00+08:00,1.1635,1.16388,1.16343,1.16361,,1.16388,1.16343,1.16361
2026-03-04T19:50:00+08:00,1.1636,1.16365,1.16322,1.16332,,1.16365,1.16322,1.16332
2026-03-04T19:55:00+08:00,1.16333,1.1637,1.16308,1.16352,,1.1637,1.16308,1.16352
2026-03-04T20:00:00+08:00,1.16353,1.1645,1.1634,1.16437,,1.1645,1.1634,1.16437
2026-03-04T20:05:00+08:00,1.16434,1.16478,1.16405,1.16457,,1.16478,1.16405,1.16457
2026-03-04T20:10:00+08:00,1.16458,1.16479,1.16448,1.16477,,1.16479,1.16448,1.16477
2026-03-04T20:15:00+08:00,1.16478,1.16488,1.16443,1.16462,,1.16488,1.16443,1.16462
2026-03-04T20:20:00+08:00,1.16465,1.16466,1.16378,1.16378,,1.16466,1.16378,1.16378
2026-03-04T20:25:00+08:00,1.16376,1.16377,1.16317,1.16319,,1.16377,1.16317,1.16319
2026-03-04T20:30:00+08:00,1.16324,1.16338,1.16306,1.16328,,1.16338,1.16306,1.16328
2026-03-04T20:35:00+08:00,1.16326,1.16371,1.16323,1.16338,,1.16371,1.16323,1.16338
2026-03-04T20:40:00+08:00,1.16337,1.16375,1.16323,1.16366,,1.16375,1.16323,1.16366
2026-03-04T20:45:00+08:00,1.16362,1.16377,1.16334,1.16375,,1.16377,1.16334,1.16375
2026-03-04T20:50:00+08:00,1.16376,1.16386,1.16324,1.16332,,1.16386,1.16324,1.16332
2026-03-04T20:55:00+08:00,1.16333,1.16333,1.16262,1.16306,,1.16333,1.16262,1.16306
2026-03-04T21:00:00+08:00,1.16305,1.16432,1.16302,1.16424,,1.16432,1.16302,1.16424
2026-03-04T21:05:00+08:00,1.16423,1.16521,1.16405,1.16484,,1.16521,1.16405,1.16484
2026-03-04T21:10:00+08:00,1.16487,1.16491,1.16459,1.16474,,1.16491,1.16459,1.16474
2026-03-04T21:15:00+08:00,1.16472,1.16486,1.16417,1.16441,,1.16486,1.16417,1.16441
2026-03-04T21:20:00+08:00,1.16435,1.16436,1.16368,1.16386,,1.16436,1.16368,1.16386
2026-03-04T21:25:00+08:00,1.16389,1.1645,1.16387,1.16411,,1.1645,1.16387,1.16411
2026-03-04T21:30:00+08:00,1.16412,1.16454,1.16395,1.16435,,1.16454,1.16395,1.16435
2026-03-04T21:35:00+08:00,1.16436,1.16447,1.1639,1.16425,,1.16447,1.1639,1.16425
2026-03-04T21:40:00+08:00,1.16429,1.16438,1.16375,1.16387,,1.16438,1.16375,1.16387
2026-03-04T21:45:00+08:00,1.16386,1.16403,1.1636,1.16397,,1.16403,1.1636,1.16397
2026-03-04T21:50:00+08:00,1.16398,1.16412,1.16342,1.16356,,1.16412,1.16342,1.16356
2026-03-04T21:55:00+08:00,1.16357,1.16357,1.16304,1.16312,,1.16357,1.16304,1.16312
2026-03-04T22:00:00+08:00,1.16309,1.16331,1.16269,1.16291,,1.16331,1.16269,1.16291
2026-03-04T22:05:00+08:00,1.16284,1.1638,1.16283,1.16296,,1.1638,1.16283,1.16296
2026-03-04T22:10:00+08:00,1.16297,1.16328,1.1628,1.16286,,1.16328,1.1628,1.16286
2026-03-04T22:15:00+08:00,1.16285,1.16399,1.16282,1.16396,,1.16399,1.16282,1.16396
2026-03-04T22:20:00+08:00,1.16394,1.16413,1.1632,1.16349,,1.16413,1.1632,1.16349
2026-03-04T22:25:00+08:00,1.16337,1.16389,1.16326,1.16346,,1.16389,1.16326,1.16346
2026-03-04T22:30:00+08:00,1.16341,1.16374,1.16316,1.16369,,1.16374,1.16316,1.16369
2026-03-04T22:35:00+08:00,1.16367,1.16384,1.16212,1.16313,,1.16384,1.16212,1.16313
2026-03-04T22:40:00+08:00,1.16315,1.16329,1.16243,1.16275,,1.16329,1.16243,1.16275
2026-03-04T22:45:00+08:00,1.16273,1.16295,1.16203,1.16242,,1.16295,1.16203,1.16242
2026-03-04T22:50:00+08:00,1.1624,1.16289,1.16223,1.16257,,1.16289,1.16223,1.16257
2026-03-04T22:55:00+08:00,1.16254,1.16257,1.16219,1.16249,,1.16257,1.16219,1.16249
2026-03-04T23:00:00+08:00,1.1623,1.16268,1.16189,1.16196,,1.16268,1.16189,1.16196
2026-03-04T23:05:00+08:00,1.16198,1.16253,1.16167,1.16234,,1.16253,1.16167,1.16234
2026-03-04T23:10:00+08:00,1.16234,1.16284,1.16185,1.16221,,1.16284,1.16185,1.16221
2026-03-04T23:15:00+08:00,1.16217,1.16314,1.16205,1.1631,,1.16314,1.16205,1.1631
2026-03-04T23:20:00+08:00,1.16307,1.16338,1.16296,1.16338,,1.16338,1.16296,1.16338
2026-03-04T23:25:00+08:00,1.16337,1.16398,1.16335,1.16385,,1.16398,1.16335,1.16385
2026-03-04T23:30:00+08:00,1.16387,1.16396,1.16355,1.1637,,1.16396,1.16355,1.1637
2026-03-04T23:35:00+08:00,1.16365,1.16389,1.16331,1.16343,,1.16389,1.16331,1.16343
2026-03-04T23:40:00+08:00,1.16342,1.16377,1.16312,1.16348,,1.16377,1.16312,1.16348
2026-03-04T23:45:00+08:00,1.1635,1.16351,1.16314,1.16343,,1.16351,1.16314,1.16343
2026-03-04T23:50:00+08:00,1.16342,1.16405,1.16331,1.16392,,1.16405,1.16331,1.16392
2026-03-04T23:55:00+08:00,1.16394,1.16406,1.16321,1.16404,,1.16406,1.16321,1.16404
2026-03-05T00:00:00+08:00,1.16404,1.16453,1.1639,1.1642,,1.16453,1.1639,1.1642
2026-03-05T00:05:00+08:00,1.16421,1.16463,1.16393,1.16442,,1.16463,1.16393,1.16442
2026-03-05T00:10:00+08:00,1.16441,1.16441,1.16392,1.16392,,1.16441,1.16395,1.16398