time,open,high,low,close,Long,Short
2026-02-25T14:15:00+08:00,1.18022,1.18037,1.18014,1.18035,0,0
2026-02-25T14:20:00+08:00,1.18034,1.18048,1.18024,1.18042,0,0
2026-02-25T14:25:00+08:00,1.18043,1.18053,1.18016,1.18045,0,0
2026-02-25T14:30:00+08:00,1.18044,1.18054,1.1803,1.18053,0,0
2026-02-25T14:35:00+08:00,1.18045,1.18057,1.1804,1.18056,0,0
2026-02-25T14:40:00+08:00,1.18055,1.18058,1.18019,1.18023,0,0
2026-02-25T14:45:00+08:00,1.1802,1.18036,1.18017,1.18034,0,0
2026-02-25T14:50:00+08:00,1.18034,1.18064,1.18034,1.18039,0,0
2026-02-25T14:55:00+08:00,1.18038,1.18062,1.18029,1.18055,0,0
2026-02-25T15:00:00+08:00,1.18052,1.18076,1.18042,1.18069,0,0
2026-02-25T15:05:00+08:00,1.1807,1.18079,1.18055,1.18065,0,0
2026-02-25T15:10:00+08:00,1.18066,1.18076,1.18044,1.18046,0,0
2026-02-25T15:15:00+08:00,1.18048,1.18056,1.18027,1.18034,0,0
2026-02-25T15:20:00+08:00,1.18035,1.18044,1.18013,1.18016,0,0
2026-02-25T15:25:00+08:00,1.18017,1.18031,1.18004,1.18023,0,0
2026-02-25T15:30:00+08:00,1.1802,1.18022,1.18001,1.18005,0,0
2026-02-25T15:35:00+08:00,1.18004,1.18023,1.17997,1.18006,0,0
2026-02-25T15:40:00+08:00,1.18005,1.18029,1.18002,1.18021,0,0
2026-02-25T15:45:00+08:00,1.18017,1.18035,1.18012,1.18031,0,0
2026-02-25T15:50:00+08:00,1.1803,1.18063,1.18013,1.18013,0,0
2026-02-25T15:55:00+08:00,1.18014,1.18019,1.17971,1.17971,0,0
2026-02-25T16:00:00+08:00,1.17972,1.18001,1.17965,1.17994,0,0
2026-02-25T16:05:00+08:00,1.17993,1.18,1.17946,1.17966,0,0
2026-02-25T16:10:00+08:00,1.17967,1.17974,1.17944,1.17955,0,0
2026-02-25T16:15:00+08:00,1.17956,1.17991,1.17953,1.1796,0,0
2026-02-25T16:20:00+08:00,1.17959,1.17965,1.17944,1.17945,0,0
2026-02-25T16:25:00+08:00,1.17946,1.17949,1.17906,1.17923,0,0
2026-02-25T16:30:00+08:00,1.17925,1.17934,1.17905,1.17926,0,0
2026-02-25T16:35:00+08:00,1.17924,1.17947,1.17923,1.17942,0,0
2026-02-25T16:40:00+08:00,1.17943,1.1795,1.17928,1.1793,0,0
2026-02-25T16:45:00+08:00,1.17931,1.17947,1.17916,1.1793,0,0
2026-02-25T16:50:00+08:00,1.17931,1.17934,1.17907,1.17917,0,0
2026-02-25T16:55:00+08:00,1.17916,1.17921,1.17895,1.17902,0,0
2026-02-25T17:00:00+08:00,1.17901,1.17904,1.17884,1.17887,0,0
2026-02-25T17:05:00+08:00,1.17888,1.17911,1.17884,1.17907,0,0
2026-02-25T17:10:00+08:00,1.17906,1.17915,1.17884,1.17889,0,0
2026-02-25T17:15:00+08:00,1.17888,1.17896,1.17865,1.17895,0,0
2026-02-25T17:20:00+08:00,1.17894,1.17916,1.17875,1.17885,0,0
2026-02-25T17:25:00+08:00,1.17886,1.17895,1.17875,1.1789,0,0
2026-02-25T17:30:00+08:00,1.17891,1.17932,1.17879,1.1792,0,0
2026-02-25T17:35:00+08:00,1.17919,1.1792,1.17881,1.17899,0,0
2026-02-25T17:40:00+08:00,1.17901,1.17909,1.17863,1.17866,0,0
2026-02-25T17:45:00+08:00,1.17867,1.17882,1.17855,1.17864,0,0
2026-02-25T17:50:00+08:00,1.17863,1.17896,1.17861,1.17893,0,0
2026-02-25T17:55:00+08:00,1.17892,1.17901,1.17856,1.17878,0,0
2026-02-25T18:00:00+08:00,1.17878,1.17885,1.17831,1.17844,0,0
2026-02-25T18:05:00+08:00,1.17843,1.17861,1.17835,1.17852,0,0
2026-02-25T18:10:00+08:00,1.1785,1.17878,1.17849,1.17865,0,0
2026-02-25T18:15:00+08:00,1.17861,1.17872,1.17839,1.17872,0,0
2026-02-25T18:20:00+08:00,1.17872,1.17874,1.17842,1.17859,0,0
2026-02-25T18:25:00+08:00,1.17858,1.1787,1.17839,1.17844,0,0
2026-02-25T18:30:00+08:00,1.17839,1.17839,1.17812,1.17822,0,0
2026-02-25T18:35:00+08:00,1.17825,1.17848,1.17794,1.1781,0,0
2026-02-25T18:40:00+08:00,1.17811,1.17828,1.17801,1.17816,0,0
2026-02-25T18:45:00+08:00,1.17817,1.1782,1.178,1.17813,0,0
2026-02-25T18:50:00+08:00,1.17811,1.1782,1.17802,1.17816,0,0
2026-02-25T18:55:00+08:00,1.17815,1.17819,1.17797,1.17799,0,0
2026-02-25T19:00:00+08:00,1.17799,1.17813,1.17778,1.17791,0,0
2026-02-25T19:05:00+08:00,1.17789,1.17798,1.17775,1.17782,0,0
2026-02-25T19:10:00+08:00,1.17781,1.17804,1.17775,1.178,0,0
2026-02-25T19:15:00+08:00,1.17798,1.178,1.17754,1.17756,0,0
2026-02-25T19:20:00+08:00,1.17754,1.17756,1.17737,1.17744,0,0
2026-02-25T19:25:00+08:00,1.17745,1.17748,1.17713,1.17716,0,0
2026-02-25T19:30:00+08:00,1.17714,1.17745,1.17706,1.17722,0,0
2026-02-25T19:35:00+08:00,1.17721,1.1776,1.17721,1.17742,0,0
2026-02-25T19:40:00+08:00,1.17743,1.17746,1.1773,1.1773,0,0
2026-02-25T19:45:00+08:00,1.17728,1.17749,1.17725,1.17732,0,0
2026-02-25T19:50:00+08:00,1.17731,1.17745,1.17728,1.17739,0,0
2026-02-25T19:55:00+08:00,1.17738,1.17769,1.1773,1.1775,0,1
2026-02-25T20:00:00+08:00,1.17751,1.1778,1.17739,1.17776,0,0
2026-02-25T20:05:00+08:00,1.17775,1.17801,1.17775,1.17795,0,0
2026-02-25T20:10:00+08:00,1.17794,1.17818,1.17793,1.17816,0,0
2026-02-25T20:15:00+08:00,1.17817,1.17828,1.17803,1.17826,0,0
2026-02-25T20:20:00+08:00,1.17825,1.17831,1.17811,1.17827,0,0
2026-02-25T20:25:00+08:00,1.17828,1.17843,1.1782,1.17827,0,0
2026-02-25T20:30:00+08:00,1.17826,1.17843,1.17808,1.17823,0,0
2026-02-25T20:35:00+08:00,1.17824,1.17829,1.17813,1.17818,0,0
2026-02-25T20:40:00+08:00,1.17816,1.17853,1.17808,1.17851,0,0
2026-02-25T20:45:00+08:00,1.17852,1.17861,1.17838,1.17855,0,0
2026-02-25T20:50:00+08:00,1.17854,1.17866,1.17844,1.17849,0,0
2026-02-25T20:55:00+08:00,1.1785,1.17867,1.17841,1.17859,0,0
2026-02-25T21:00:00+08:00,1.1786,1.17869,1.17848,1.1786,0,0
2026-02-25T21:05:00+08:00,1.17862,1.1788,1.17833,1.17838,0,0
2026-02-25T21:10:00+08:00,1.17836,1.1788,1.17836,1.17877,0,0
2026-02-25T21:15:00+08:00,1.17878,1.17903,1.1787,1.17882,0,0
2026-02-25T21:20:00+08:00,1.17884,1.17888,1.17856,1.17883,0,0
2026-02-25T21:25:00+08:00,1.17882,1.17883,1.17829,1.17837,0,0
2026-02-25T21:30:00+08:00,1.17836,1.17836,1.17802,1.17816,0,0
2026-02-25T21:35:00+08:00,1.17817,1.17858,1.17814,1.17845,0,0
2026-02-25T21:40:00+08:00,1.17846,1.17862,1.17824,1.17834,0,0
2026-02-25T21:45:00+08:00,1.17833,1.17857,1.17774,1.17789,0,0
2026-02-25T21:50:00+08:00,1.17791,1.17802,1.17747,1.17747,0,0
2026-02-25T21:55:00+08:00,1.17749,1.17762,1.1773,1.17735,0,0
2026-02-25T22:00:00+08:00,1.17736,1.17757,1.1773,1.17734,0,0
2026-02-25T22:05:00+08:00,1.17735,1.17755,1.17731,1.17751,0,0
2026-02-25T22:10:00+08:00,1.17752,1.17775,1.1773,1.17764,0,0
2026-02-25T22:15:00+08:00,1.17765,1.17786,1.17758,1.17786,0,0
2026-02-25T22:20:00+08:00,1.17785,1.17833,1.17784,1.17829,0,0
2026-02-25T22:25:00+08:00,1.17828,1.17834,1.17809,1.17826,0,0
2026-02-25T22:30:00+08:00,1.17827,1.17855,1.17813,1.17827,0,0
2026-02-25T22:35:00+08:00,1.17826,1.17849,1.17816,1.17819,0,0
2026-02-25T22:40:00+08:00,1.17818,1.17861,1.17805,1.17858,0,0
2026-02-25T22:45:00+08:00,1.17859,1.1789,1.17855,1.17875,0,0
2026-02-25T22:50:00+08:00,1.17877,1.17892,1.17848,1.17864,0,0
2026-02-25T22:55:00+08:00,1.17864,1.17892,1.1786,1.17861,0,0
2026-02-25T23:00:00+08:00,1.17862,1.17901,1.17847,1.17881,0,0
2026-02-25T23:05:00+08:00,1.17882,1.17928,1.17869,1.17914,0,0
2026-02-25T23:10:00+08:00,1.17912,1.17997,1.1789,1.17981,0,0
2026-02-25T23:15:00+08:00,1.17982,1.18015,1.17977,1.17997,0,0
2026-02-25T23:20:00+08:00,1.17993,1.17996,1.17923,1.17926,0,0
2026-02-25T23:25:00+08:00,1.17924,1.17954,1.17893,1.17917,0,0
2026-02-25T23:30:00+08:00,1.17916,1.17946,1.17893,1.17913,0,0
2026-02-25T23:35:00+08:00,1.17914,1.17951,1.17897,1.17944,0,0
2026-02-25T23:40:00+08:00,1.17943,1.1797,1.17934,1.17958,0,0
2026-02-25T23:45:00+08:00,1.17959,1.18026,1.17923,1.17994,0,0
2026-02-25T23:50:00+08:00,1.17991,1.17999,1.17944,1.17991,0,0
2026-02-25T23:55:00+08:00,1.1799,1.1802,1.17949,1.18012,0,0
2026-02-26T00:00:00+08:00,1.18014,1.18069,1.18012,1.18034,0,0
2026-02-26T00:05:00+08:00,1.18027,1.1804,1.18004,1.18035,0,0
2026-02-26T00:10:00+08:00,1.18036,1.18072,1.18025,1.18027,0,0
2026-02-26T00:15:00+08:00,1.18026,1.18059,1.18026,1.18041,0,0
2026-02-26T00:20:00+08:00,1.18039,1.18058,1.18032,1.18032,0,0
2026-02-26T00:25:00+08:00,1.1803,1.18033,1.18008,1.18029,0,0
2026-02-26T00:30:00+08:00,1.18029,1.18051,1.18023,1.18026,0,0
2026-02-26T00:35:00+08:00,1.18027,1.18029,1.18005,1.18024,0,0
2026-02-26T00:40:00+08:00,1.18025,1.18026,1.17986,1.1799,0,0
2026-02-26T00:45:00+08:00,1.17992,1.18066,1.17992,1.18034,0,0
2026-02-26T00:50:00+08:00,1.18033,1.18037,1.18017,1.18021,0,0
2026-02-26T00:55:00+08:00,1.1802,1.18044,1.18001,1.18041,0,0
2026-02-26T01:00:00+08:00,1.1804,1.18082,1.18024,1.18078,0,0
2026-02-26T01:05:00+08:00,1.1808,1.18099,1.18063,1.18087,0,0
2026-02-26T01:10:00+08:00,1.18086,1.18141,1.1808,1.18117,0,0
2026-02-26T01:15:00+08:00,1.18118,1.18134,1.18105,1.18119,0,0
2026-02-26T01:20:00+08:00,1.18121,1.18127,1.18106,1.18117,0,0
2026-02-26T01:25:00+08:00,1.18116,1.18124,1.18082,1.181,0,0
2026-02-26T01:30:00+08:00,1.18099,1.18115,1.18091,1.18111,0,0
2026-02-26T01:35:00+08:00,1.1811,1.18133,1.181,1.1812,0,0
2026-02-26T01:40:00+08:00,1.18119,1.18145,1.18118,1.18126,0,0
2026-02-26T01:45:00+08:00,1.18125,1.1813,1.18088,1.18089,0,0
2026-02-26T01:50:00+08:00,1.18088,1.18114,1.18076,1.18087,0,0
2026-02-26T01:55:00+08:00,1.18088,1.1809,1.18066,1.18076,0,0
2026-02-26T02:00:00+08:00,1.18074,1.18105,1.18063,1.18077,0,0
2026-02-26T02:05:00+08:00,1.18078,1.18091,1.18062,1.18075,0,0
2026-02-26T02:10:00+08:00,1.18076,1.18083,1.18069,1.18076,0,0
2026-02-26T02:15:00+08:00,1.18077,1.18108,1.1807,1.18089,0,0
2026-02-26T02:20:00+08:00,1.18088,1.18095,1.18061,1.18065,0,0
2026-02-26T02:25:00+08:00,1.18063,1.1808,1.18062,1.18075,0,0
2026-02-26T02:30:00+08:00,1.18074,1.18085,1.1805,1.18056,0,0
2026-02-26T02:35:00+08:00,1.18058,1.18067,1.18055,1.18062,0,0
2026-02-26T02:40:00+08:00,1.18062,1.18071,1.18049,1.18051,0,0
2026-02-26T02:45:00+08:00,1.18052,1.18066,1.1805,1.18064,0,0
2026-02-26T02:50:00+08:00,1.18063,1.1807,1.18059,1.18061,0,0
2026-02-26T02:55:00+08:00,1.18064,1.18068,1.18041,1.18048,0,0
2026-02-26T03:00:00+08:00,1.18049,1.18065,1.18043,1.18058,0,0
2026-02-26T03:05:00+08:00,1.18057,1.1808,1.1804,1.1808,0,0
2026-02-26T03:10:00+08:00,1.18076,1.18096,1.18071,1.18091,0,0
2026-02-26T03:15:00+08:00,1.18092,1.18092,1.18068,1.18069,0,0
2026-02-26T03:20:00+08:00,1.18067,1.1807,1.1806,1.18064,0,0
2026-02-26T03:25:00+08:00,1.18065,1.18065,1.18036,1.18043,0,0
2026-02-26T03:30:00+08:00,1.18046,1.18047,1.1803,1.18035,0,0
2026-02-26T03:35:00+08:00,1.18034,1.18039,1.18027,1.18037,0,0
2026-02-26T03:40:00+08:00,1.18036,1.18063,1.18034,1.1806,0,0
2026-02-26T03:45:00+08:00,1.18061,1.18076,1.18056,1.18064,0,0
2026-02-26T03:50:00+08:00,1.18065,1.1807,1.1806,1.18064,0,0
2026-02-26T03:55:00+08:00,1.18066,1.18076,1.18055,1.18056,0,0
2026-02-26T04:00:00+08:00,1.18055,1.18068,1.18053,1.18068,1,0
2026-02-26T04:05:00+08:00,1.18067,1.18077,1.18067,1.18071,0,0
2026-02-26T04:10:00+08:00,1.1807,1.18072,1.18054,1.18057,0,0
2026-02-26T04:15:00+08:00,1.18059,1.18078,1.18054,1.18074,0,0
2026-02-26T04:20:00+08:00,1.18075,1.1808,1.1806,1.18067,0,0
2026-02-26T04:25:00+08:00,1.18066,1.18073,1.18049,1.18054,0,0
2026-02-26T04:30:00+08:00,1.18053,1.18089,1.18047,1.18086,1,0
2026-02-26T04:35:00+08:00,1.18088,1.18088,1.18068,1.18076,0,0
2026-02-26T04:40:00+08:00,1.18077,1.18078,1.18061,1.18074,0,0
2026-02-26T04:45:00+08:00,1.18074,1.1808,1.18061,1.18078,0,0
2026-02-26T04:50:00+08:00,1.18078,1.18081,1.18056,1.1806,0,0
2026-02-26T04:55:00+08:00,1.18059,1.18065,1.18045,1.18061,1,0
2026-02-26T05:00:00+08:00,1.1806,1.18074,1.18047,1.18072,0,0
2026-02-26T05:05:00+08:00,1.18072,1.1808,1.18062,1.18062,0,0
2026-02-26T05:10:00+08:00,1.18062,1.18063,1.1805,1.18052,0,0
2026-02-26T05:15:00+08:00,1.18051,1.18054,1.1804,1.18044,0,0
2026-02-26T05:20:00+08:00,1.18044,1.18045,1.18033,1.18043,0,0
2026-02-26T05:25:00+08:00,1.1804,1.18058,1.1804,1.18058,0,0
2026-02-26T05:30:00+08:00,1.18058,1.18075,1.18058,1.1807,0,0
2026-02-26T05:35:00+08:00,1.18071,1.1809,1.1807,1.1809,0,0
2026-02-26T05:40:00+08:00,1.18091,1.18111,1.18078,1.18108,0,0
2026-02-26T05:45:00+08:00,1.18107,1.18128,1.18088,1.18099,0,0
2026-02-26T05:50:00+08:00,1.18099,1.181,1.18079,1.18095,0,0
2026-02-26T05:55:00+08:00,1.18095,1.18106,1.18094,1.18101,0,0
2026-02-26T06:00:00+08:00,1.18046,1.18054,1.18046,1.18052,0,0
2026-02-26T06:05:00+08:00,1.18053,1.1807,1.18046,1.18048,0,0
2026-02-26T06:10:00+08:00,1.18048,1.18067,1.18044,1.18064,0,0
2026-02-26T06:15:00+08:00,1.18064,1.18072,1.18064,1.18068,0,0
2026-02-26T06:20:00+08:00,1.18069,1.18073,1.18067,1.18072,0,0
2026-02-26T06:25:00+08:00,1.18071,1.18075,1.18067,1.18074,0,0
2026-02-26T06:30:00+08:00,1.18075,1.18085,1.18067,1.18078,0,0
2026-02-26T06:35:00+08:00,1.18078,1.18086,1.18077,1.18085,0,0
2026-02-26T06:40:00+08:00,1.18081,1.18086,1.18081,1.18082,0,0
2026-02-26T06:45:00+08:00,1.18082,1.18104,1.18082,1.181,0,0
2026-02-26T06:50:00+08:00,1.18101,1.18121,1.18101,1.18112,0,0
2026-02-26T06:55:00+08:00,1.18113,1.18119,1.18094,1.18096,0,0
2026-02-26T07:00:00+08:00,1.18099,1.18137,1.18096,1.18122,0,0
2026-02-26T07:05:00+08:00,1.18123,1.18137,1.18121,1.18134,0,0
2026-02-26T07:10:00+08:00,1.18132,1.18138,1.18116,1.1812,0,0
2026-02-26T07:15:00+08:00,1.18121,1.18121,1.18107,1.18118,0,0
2026-02-26T07:20:00+08:00,1.18119,1.18136,1.18117,1.18135,0,0
2026-02-26T07:25:00+08:00,1.18134,1.18141,1.18129,1.18129,0,0
2026-02-26T07:30:00+08:00,1.18127,1.18129,1.18116,1.18118,0,0
2026-02-26T07:35:00+08:00,1.18117,1.18134,1.18114,1.18133,0,0
2026-02-26T07:40:00+08:00,1.1813,1.18143,1.1813,1.18134,0,0
2026-02-26T07:45:00+08:00,1.18132,1.18162,1.18131,1.18157,0,0
2026-02-26T07:50:00+08:00,1.1816,1.18165,1.18144,1.18148,0,0
2026-02-26T07:55:00+08:00,1.18148,1.18163,1.18146,1.1815,0,0
2026-02-26T08:00:00+08:00,1.18149,1.18159,1.18136,1.18136,0,0
2026-02-26T08:05:00+08:00,1.18136,1.18156,1.18117,1.18127,0,0
2026-02-26T08:10:00+08:00,1.18128,1.1814,1.18123,1.18134,0,0
2026-02-26T08:15:00+08:00,1.18132,1.18157,1.1813,1.18157,0,0
2026-02-26T08:20:00+08:00,1.18158,1.18175,1.18151,1.18156,0,0
2026-02-26T08:25:00+08:00,1.18152,1.18159,1.18151,1.18155,0,0
2026-02-26T08:30:00+08:00,1.18154,1.18174,1.18131,1.18169,0,0
2026-02-26T08:35:00+08:00,1.18168,1.18168,1.18156,1.18161,0,0
2026-02-26T08:40:00+08:00,1.18162,1.18181,1.18162,1.18177,0,0
2026-02-26T08:45:00+08:00,1.18175,1.18194,1.18148,1.18149,0,0
2026-02-26T08:50:00+08:00,1.1815,1.18173,1.18148,1.18163,0,0
2026-02-26T08:55:00+08:00,1.18162,1.18191,1.18159,1.1819,0,0
2026-02-26T09:00:00+08:00,1.18191,1.18213,1.18178,1.18201,0,0
2026-02-26T09:05:00+08:00,1.18206,1.1821,1.18187,1.18188,0,0
2026-02-26T09:10:00+08:00,1.18189,1.18205,1.18181,1.18194,0,0
2026-02-26T09:15:00+08:00,1.18193,1.18228,1.18189,1.18228,0,0
2026-02-26T09:20:00+08:00,1.18237,1.18266,1.1823,1.18266,0,0
2026-02-26T09:25:00+08:00,1.18264,1.18273,1.18227,1.18229,0,0
2026-02-26T09:30:00+08:00,1.18226,1.1824,1.18209,1.18234,1,0
2026-02-26T09:35:00+08:00,1.18233,1.18254,1.18227,1.1825,0,0
2026-02-26T09:40:00+08:00,1.18251,1.18278,1.18251,1.18277,0,0
2026-02-26T09:45:00+08:00,1.18274,1.18291,1.18261,1.18273,0,0
2026-02-26T09:50:00+08:00,1.1827,1.18281,1.18266,1.18273,0,0
2026-02-26T09:55:00+08:00,1.18271,1.18277,1.1826,1.18272,0,0
2026-02-26T10:00:00+08:00,1.18273,1.1829,1.18249,1.18262,1,0
2026-02-26T10:05:00+08:00,1.18264,1.18285,1.1826,1.18265,0,0
2026-02-26T10:10:00+08:00,1.18266,1.1828,1.18252,1.18261,0,0
2026-02-26T10:15:00+08:00,1.18263,1.18271,1.18248,1.18251,0,0
2026-02-26T10:20:00+08:00,1.18247,1.18252,1.1823,1.18235,0,0
2026-02-26T10:25:00+08:00,1.18237,1.18239,1.18202,1.18204,0,0
2026-02-26T10:30:00+08:00,1.18203,1.18203,1.18183,1.18186,0,0
2026-02-26T10:35:00+08:00,1.18187,1.182,1.18171,1.18172,0,0
2026-02-26T10:40:00+08:00,1.18174,1.18175,1.18134,1.18146,0,0
2026-02-26T10:45:00+08:00,1.18143,1.18171,1.18139,1.18168,0,0
2026-02-26T10:50:00+08:00,1.18167,1.18177,1.18156,1.18164,0,0
2026-02-26T10:55:00+08:00,1.18163,1.18178,1.18161,1.18174,0,1
2026-02-26T11:00:00+08:00,1.18175,1.18196,1.18173,1.18195,0,0
2026-02-26T11:05:00+08:00,1.18194,1.18197,1.18177,1.18182,0,0
2026-02-26T11:10:00+08:00,1.18184,1.182,1.18179,1.18198,0,0
2026-02-26T11:15:00+08:00,1.18201,1.18223,1.18198,1.18212,0,0
2026-02-26T11:20:00+08:00,1.18214,1.18215,1.18201,1.18203,0,0
2026-02-26T11:25:00+08:00,1.18202,1.18218,1.18187,1.18189,0,0
2026-02-26T11:30:00+08:00,1.18189,1.18214,1.18189,1.18212,0,0
2026-02-26T11:35:00+08:00,1.1821,1.18215,1.18176,1.18184,0,0
2026-02-26T11:40:00+08:00,1.18183,1.18185,1.18177,1.18178,0,0
2026-02-26T11:45:00+08:00,1.18177,1.18179,1.18165,1.18167,0,0
2026-02-26T11:50:00+08:00,1.18166,1.18175,1.18158,1.18167,0,0
2026-02-26T11:55:00+08:00,1.18164,1.18185,1.1816,1.18171,0,0
2026-02-26T12:00:00+08:00,1.18169,1.18176,1.18166,1.18175,0,0
2026-02-26T12:05:00+08:00,1.18173,1.18174,1.18158,1.18164,0,0
2026-02-26T12:10:00+08:00,1.18163,1.18165,1.18135,1.18142,0,0
2026-02-26T12:15:00+08:00,1.18141,1.1815,1.18131,1.18134,0,0
2026-02-26T12:20:00+08:00,1.18135,1.18156,1.18132,1.18154,0,0
2026-02-26T12:25:00+08:00,1.18154,1.18159,1.18132,1.18133,0,1
2026-02-26T12:30:00+08:00,1.18134,1.18166,1.18125,1.18164,0,0
2026-02-26T12:35:00+08:00,1.18164,1.18166,1.18154,1.18157,0,0
2026-02-26T12:40:00+08:00,1.18155,1.1817,1.18154,1.18165,0,0
2026-02-26T12:45:00+08:00,1.18166,1.18173,1.18146,1.18166,0,0
2026-02-26T12:50:00+08:00,1.18165,1.18171,1.18152,1.18164,0,0
2026-02-26T12:55:00+08:00,1.18163,1.18187,1.18145,1.18184,0,0
2026-02-26T13:00:00+08:00,1.18183,1.18191,1.18169,1.18177,0,0
2026-02-26T13:05:00+08:00,1.18178,1.18194,1.18165,1.18188,0,0
2026-02-26T13:10:00+08:00,1.18191,1.18194,1.18177,1.1818,0,0
2026-02-26T13:15:00+08:00,1.18186,1.18214,1.18185,1.18198,0,0
2026-02-26T13:20:00+08:00,1.18199,1.18205,1.18178,1.18204,0,0
2026-02-26T13:25:00+08:00,1.18203,1.18204,1.1819,1.18197,0,0
2026-02-26T13:30:00+08:00,1.18198,1.18201,1.18181,1.18192,0,0
2026-02-26T13:35:00+08:00,1.18191,1.18192,1.18159,1.18183,0,0
2026-02-26T13:40:00+08:00,1.18184,1.1819,1.1818,1.18188,0,0
2026-02-26T13:45:00+08:00,1.18191,1.182,1.18182,1.18198,0,0
2026-02-26T13:50:00+08:00,1.18195,1.18228,1.18188,1.18195,0,0
2026-02-26T13:55:00+08:00,1.18196,1.18218,1.18183,1.18197,0,0
2026-02-26T14:00:00+08:00,1.18196,1.18214,1.18173,1.18178,0,0
2026-02-26T14:05:00+08:00,1.18179,1.18203,1.18177,1.18193,0,0
2026-02-26T14:10:00+08:00,1.18194,1.1821,1.1819,1.18207,0,0
2026-02-26T14:15:00+08:00,1.18206,1.18213,1.18161,1.18169,0,0
2026-02-26T14:20:00+08:00,1.18167,1.18188,1.18156,1.1817,0,0
2026-02-26T14:25:00+08:00,1.18168,1.18169,1.18148,1.18155,0,0
2026-02-26T14:30:00+08:00,1.18154,1.18185,1.18152,1.18178,0,0
2026-02-26T14:35:00+08:00,1.18177,1.18194,1.1817,1.18189,0,0
2026-02-26T14:40:00+08:00,1.18191,1.18205,1.18186,1.18202,0,0
2026-02-26T14:45:00+08:00,1.18201,1.18215,1.18188,1.18208,0,0
2026-02-26T14:50:00+08:00,1.18207,1.18223,1.1819,1.18191,0,0
2026-02-26T14:55:00+08:00,1.1819,1.18206,1.18185,1.18188,0,0
2026-02-26T15:00:00+08:00,1.18182,1.18183,1.18128,1.18133,0,0
2026-02-26T15:05:00+08:00,1.18132,1.18132,1.18087,1.18104,0,0
2026-02-26T15:10:00+08:00,1.18105,1.18129,1.18096,1.18128,0,0
2026-02-26T15:15:00+08:00,1.18127,1.18172,1.18112,1.18162,0,0
2026-02-26T15:20:00+08:00,1.18156,1.18163,1.18123,1.18124,0,0
2026-02-26T15:25:00+08:00,1.18123,1.18143,1.1811,1.18124,0,0
2026-02-26T15:30:00+08:00,1.18125,1.18144,1.18119,1.18138,0,0
2026-02-26T15:35:00+08:00,1.18137,1.18142,1.18115,1.18118,0,0
2026-02-26T15:40:00+08:00,1.18117,1.18145,1.18114,1.18136,0,0
2026-02-26T15:45:00+08:00,1.18134,1.18146,1.18116,1.18133,0,0
2026-02-26T15:50:00+08:00,1.18134,1.18147,1.18132,1.18147,0,0