time,open,high,low,close,OB long,OB Short,FVG Long,FVG Short
2026-02-27T22:25:00+08:00,1.18011,1.18043,1.18001,1.18019,0,0,0,0
2026-02-27T22:30:00+08:00,1.1802,1.18094,1.18006,1.18089,0,0,0,0
2026-02-27T22:35:00+08:00,1.18095,1.18154,1.18095,1.18123,0,0,0,0
2026-02-27T22:40:00+08:00,1.18121,1.18146,1.18102,1.18135,0,0,0,0
2026-02-27T22:45:00+08:00,1.18133,1.18135,1.18064,1.18072,0,0,0,0
2026-02-27T22:50:00+08:00,1.18074,1.18093,1.18011,1.18013,0,0,0,0
2026-02-27T22:55:00+08:00,1.18015,1.18016,1.17957,1.17969,0,0,0,0
2026-02-27T23:00:00+08:00,1.1797,1.18044,1.17964,1.18013,0,0,0,0
2026-02-27T23:05:00+08:00,1.18012,1.18067,1.18008,1.18021,0,0,0,0
2026-02-27T23:10:00+08:00,1.18022,1.18062,1.18006,1.1801,0,0,0,0
2026-02-27T23:15:00+08:00,1.18011,1.18029,1.17979,1.18028,0,0,0,0
2026-02-27T23:20:00+08:00,1.18026,1.18069,1.18025,1.18056,0,0,0,0
2026-02-27T23:25:00+08:00,1.18057,1.18085,1.18037,1.18079,0,0,0,0
2026-02-27T23:30:00+08:00,1.18079,1.18123,1.18068,1.18109,0,0,0,0
2026-02-27T23:35:00+08:00,1.1811,1.18173,1.18104,1.18133,0,0,0,0
2026-02-27T23:40:00+08:00,1.18134,1.18149,1.18098,1.18124,0,-1,0,0
2026-02-27T23:45:00+08:00,1.18126,1.18133,1.18041,1.18066,0,0,0,0
2026-02-27T23:50:00+08:00,1.18067,1.18086,1.18003,1.18065,0,0,0,0
2026-02-27T23:55:00+08:00,1.18064,1.18089,1.18059,1.18071,0,0,0,0
2026-02-28T00:00:00+08:00,1.18072,1.18143,1.18057,1.18137,0,0,0,0
2026-02-28T00:05:00+08:00,1.18138,1.1818,1.18138,1.18154,0,0,0,0
2026-02-28T00:10:00+08:00,1.18153,1.18174,1.18137,1.18167,0,0,0,0
2026-02-28T00:15:00+08:00,1.18164,1.18214,1.1816,1.18182,0,0,0,0
2026-02-28T00:20:00+08:00,1.18183,1.1819,1.18152,1.18161,0,0,0,0
2026-02-28T00:25:00+08:00,1.18162,1.18198,1.18158,1.18162,0,0,0,0
2026-02-28T00:30:00+08:00,1.18168,1.18229,1.18168,1.1822,0,0,0,0
2026-02-28T00:35:00+08:00,1.18221,1.18251,1.182,1.18234,0,0,0,0
2026-02-28T00:40:00+08:00,1.18233,1.18235,1.18168,1.18172,0,0,0,0
2026-02-28T00:45:00+08:00,1.18173,1.18209,1.18171,1.18178,0,0,0,0
2026-02-28T00:50:00+08:00,1.18181,1.18216,1.18181,1.18214,1,0,0,0
2026-02-28T00:55:00+08:00,1.18219,1.18225,1.18201,1.18221,0,0,0,0
2026-02-28T01:00:00+08:00,1.18219,1.18229,1.18198,1.18212,0,0,0,0
2026-02-28T01:05:00+08:00,1.18213,1.1827,1.18202,1.18262,0,0,0,0
2026-02-28T01:10:00+08:00,1.18261,1.18266,1.18195,1.18203,0,0,0,0
2026-02-28T01:15:00+08:00,1.18203,1.18213,1.18192,1.18208,0,0,0,0
2026-02-28T01:20:00+08:00,1.18209,1.1821,1.18171,1.18186,0,0,0,0
2026-02-28T01:25:00+08:00,1.18185,1.18203,1.1818,1.18194,0,0,0,0
2026-02-28T01:30:00+08:00,1.18193,1.18235,1.18181,1.18233,0,0,0,0
2026-02-28T01:35:00+08:00,1.18232,1.18243,1.18218,1.18221,0,0,0,0
2026-02-28T01:40:00+08:00,1.18221,1.18228,1.18201,1.18219,0,0,0,0
2026-02-28T01:45:00+08:00,1.18219,1.18219,1.18185,1.18189,0,0,0,0
2026-02-28T01:50:00+08:00,1.18188,1.18191,1.1817,1.18172,0,0,0,0
2026-02-28T01:55:00+08:00,1.18171,1.1818,1.18157,1.18165,0,0,0,0
2026-02-28T02:00:00+08:00,1.18167,1.18179,1.18156,1.18157,0,0,0,0
2026-02-28T02:05:00+08:00,1.18156,1.18167,1.18141,1.18149,0,0,0,0
2026-02-28T02:10:00+08:00,1.18147,1.1816,1.18133,1.18134,0,0,0,0
2026-02-28T02:15:00+08:00,1.18134,1.18174,1.18134,1.18174,0,0,0,0
2026-02-28T02:20:00+08:00,1.18172,1.18176,1.18146,1.18162,0,0,0,0
2026-02-28T02:25:00+08:00,1.18161,1.18162,1.18121,1.18142,0,0,0,0
2026-02-28T02:30:00+08:00,1.18154,1.18156,1.18114,1.18146,0,0,0,0
2026-02-28T02:35:00+08:00,1.18147,1.18159,1.18133,1.1814,0,0,0,0
2026-02-28T02:40:00+08:00,1.18141,1.18158,1.18137,1.18158,0,0,0,0
2026-02-28T02:45:00+08:00,1.18157,1.18164,1.18147,1.18157,0,0,0,0
2026-02-28T02:50:00+08:00,1.18155,1.18173,1.18137,1.18172,0,0,0,0
2026-02-28T02:55:00+08:00,1.1817,1.18192,1.18167,1.18179,0,0,0,0
2026-02-28T03:00:00+08:00,1.18178,1.18201,1.18176,1.18185,0,0,0,0
2026-02-28T03:05:00+08:00,1.18183,1.18198,1.1817,1.18184,0,0,0,0
2026-02-28T03:10:00+08:00,1.18183,1.1819,1.18167,1.18177,0,0,0,0
2026-02-28T03:15:00+08:00,1.18178,1.18197,1.18177,1.18195,0,0,0,0
2026-02-28T03:20:00+08:00,1.18196,1.18223,1.18196,1.18212,0,0,0,0
2026-02-28T03:25:00+08:00,1.18213,1.18228,1.18209,1.18221,0,0,0,0
2026-02-28T03:30:00+08:00,1.18221,1.18224,1.18203,1.18219,0,0,0,0
2026-02-28T03:35:00+08:00,1.18221,1.18221,1.1821,1.1821,0,0,0,0
2026-02-28T03:40:00+08:00,1.18211,1.18213,1.18187,1.18199,0,0,0,0
2026-02-28T03:45:00+08:00,1.18201,1.18208,1.18192,1.18207,1,0,0,0
2026-02-28T03:50:00+08:00,1.18207,1.18216,1.18197,1.18209,0,0,0,0
2026-02-28T03:55:00+08:00,1.18208,1.18214,1.18188,1.18193,0,0,0,0
2026-02-28T04:00:00+08:00,1.18192,1.1823,1.18192,1.18229,0,0,0,0
2026-02-28T04:05:00+08:00,1.1823,1.18238,1.18218,1.18219,0,0,0,0
2026-02-28T04:10:00+08:00,1.1822,1.1823,1.18212,1.18227,1,0,0,0
2026-02-28T04:15:00+08:00,1.18229,1.18242,1.18225,1.18238,0,0,0,0
2026-02-28T04:20:00+08:00,1.18239,1.18239,1.18223,1.18223,0,0,0,0
2026-02-28T04:25:00+08:00,1.18222,1.1824,1.18221,1.18235,0,0,0,0
2026-02-28T04:30:00+08:00,1.18232,1.18259,1.18232,1.18257,0,0,0,0
2026-02-28T04:35:00+08:00,1.18257,1.1826,1.18242,1.18248,0,0,0,0
2026-02-28T04:40:00+08:00,1.18248,1.18257,1.18237,1.18243,0,0,0,0
2026-02-28T04:45:00+08:00,1.18244,1.18254,1.18237,1.1824,0,0,0,0
2026-02-28T04:50:00+08:00,1.18238,1.18247,1.18217,1.18225,0,0,0,0
2026-02-28T04:55:00+08:00,1.18223,1.18226,1.1815,1.18159,0,0,0,0
2026-02-28T05:00:00+08:00,1.18163,1.18163,1.18125,1.1814,0,0,0,0
2026-02-28T05:05:00+08:00,1.1814,1.18144,1.18131,1.18136,0,0,0,0
2026-02-28T05:10:00+08:00,1.18136,1.18153,1.18136,1.18142,0,0,0,0
2026-02-28T05:15:00+08:00,1.18142,1.18164,1.18133,1.1816,0,0,0,0
2026-02-28T05:20:00+08:00,1.1816,1.18183,1.1816,1.18178,1,0,0,0
2026-02-28T05:25:00+08:00,1.18177,1.18184,1.18152,1.18153,0,0,0,0
2026-02-28T05:30:00+08:00,1.18152,1.18174,1.18146,1.18147,0,0,0,0
2026-02-28T05:35:00+08:00,1.18148,1.18149,1.18128,1.1813,0,0,0,0
2026-02-28T05:40:00+08:00,1.1813,1.18132,1.18112,1.18116,0,0,0,0
2026-02-28T05:45:00+08:00,1.18116,1.18128,1.18114,1.18123,0,0,0,0
2026-02-28T05:50:00+08:00,1.18124,1.18146,1.18113,1.18124,0,0,0,0
2026-03-02T06:00:00+08:00,1.1765,1.17665,1.17648,1.17653,0,0,0,0
2026-03-02T06:05:00+08:00,1.17645,1.17653,1.17639,1.17645,0,0,0,0
2026-03-02T06:10:00+08:00,1.17644,1.17659,1.17636,1.17637,0,0,0,0
2026-03-02T06:15:00+08:00,1.17638,1.17638,1.17564,1.17564,0,0,0,0
2026-03-02T06:20:00+08:00,1.17565,1.17617,1.17565,1.1761,0,0,0,0
2026-03-02T06:25:00+08:00,1.17615,1.17625,1.17594,1.17607,0,0,0,0
2026-03-02T06:30:00+08:00,1.17606,1.17696,1.17605,1.17638,0,0,0,0
2026-03-02T06:35:00+08:00,1.17639,1.1765,1.17621,1.17621,0,0,0,0
2026-03-02T06:40:00+08:00,1.17622,1.17715,1.17621,1.17712,0,0,0,0
2026-03-02T06:45:00+08:00,1.17713,1.1773,1.1771,1.17725,0,0,0,0
2026-03-02T06:50:00+08:00,1.17726,1.17768,1.17713,1.17765,0,0,0,0
2026-03-02T06:55:00+08:00,1.17767,1.17767,1.17725,1.17739,0,0,0,0
2026-03-02T07:00:00+08:00,1.1775,1.17791,1.17653,1.17787,0,0,0,0
2026-03-02T07:05:00+08:00,1.17788,1.17877,1.17779,1.17855,0,0,0,0
2026-03-02T07:10:00+08:00,1.17853,1.17871,1.17756,1.17779,0,0,0,0
2026-03-02T07:15:00+08:00,1.17779,1.17789,1.1772,1.17731,0,0,0,0
2026-03-02T07:20:00+08:00,1.17732,1.1774,1.17674,1.17687,0,0,0,0
2026-03-02T07:25:00+08:00,1.17688,1.17723,1.17607,1.17629,0,0,0,0
2026-03-02T07:30:00+08:00,1.17628,1.17663,1.17577,1.17632,0,0,0,0
2026-03-02T07:35:00+08:00,1.17631,1.17649,1.17588,1.17615,0,0,0,0
2026-03-02T07:40:00+08:00,1.17616,1.17665,1.17609,1.17665,1,0,0,0
2026-03-02T07:45:00+08:00,1.17666,1.17675,1.1759,1.17591,0,0,0,0
2026-03-02T07:50:00+08:00,1.17593,1.17617,1.1757,1.17599,0,0,0,0
2026-03-02T07:55:00+08:00,1.17599,1.17609,1.17583,1.17594,0,0,0,0
2026-03-02T08:00:00+08:00,1.17593,1.1762,1.17561,1.17594,0,0,0,0
2026-03-02T08:05:00+08:00,1.17595,1.17675,1.17578,1.17663,0,0,0,0
2026-03-02T08:10:00+08:00,1.17664,1.17706,1.17663,1.17701,0,0,0,0
2026-03-02T08:15:00+08:00,1.17702,1.17758,1.17692,1.17723,0,0,0,0
2026-03-02T08:20:00+08:00,1.17726,1.17751,1.17715,1.17737,0,0,0,0
2026-03-02T08:25:00+08:00,1.17739,1.1775,1.17678,1.17704,0,0,0,0
2026-03-02T08:30:00+08:00,1.17705,1.17716,1.17656,1.17657,0,0,0,0
2026-03-02T08:35:00+08:00,1.17658,1.17693,1.17636,1.17692,0,0,0,0
2026-03-02T08:40:00+08:00,1.17693,1.17716,1.17686,1.1771,0,0,0,0
2026-03-02T08:45:00+08:00,1.17711,1.17723,1.17681,1.17686,0,0,0,0
2026-03-02T08:50:00+08:00,1.17688,1.17699,1.1767,1.1769,0,0,0,0
2026-03-02T08:55:00+08:00,1.1769,1.17783,1.17676,1.17776,0,0,0,0
2026-03-02T09:00:00+08:00,1.1777,1.17819,1.17754,1.17782,0,0,0,0
2026-03-02T09:05:00+08:00,1.17781,1.17816,1.17763,1.1781,0,0,0,0
2026-03-02T09:10:00+08:00,1.17812,1.17896,1.1781,1.17875,0,0,0,0
2026-03-02T09:15:00+08:00,1.17874,1.17889,1.17826,1.1783,0,0,0,0
2026-03-02T09:20:00+08:00,1.17829,1.17854,1.17807,1.17818,0,0,0,0
2026-03-02T09:25:00+08:00,1.17818,1.17851,1.1781,1.17851,0,0,0,0
2026-03-02T09:30:00+08:00,1.17852,1.17928,1.17834,1.17924,0,0,0,0
2026-03-02T09:35:00+08:00,1.17923,1.17941,1.17916,1.17931,0,0,0,0
2026-03-02T09:40:00+08:00,1.1793,1.1794,1.17893,1.1791,0,0,0,0
2026-03-02T09:45:00+08:00,1.17912,1.17923,1.17882,1.17905,0,0,0,0
2026-03-02T09:50:00+08:00,1.17906,1.17925,1.17879,1.179,0,0,0,0
2026-03-02T09:55:00+08:00,1.17899,1.17927,1.17898,1.17919,0,0,0,0
2026-03-02T10:00:00+08:00,1.1792,1.17935,1.17884,1.17907,0,0,0,0
2026-03-02T10:05:00+08:00,1.17906,1.17911,1.17854,1.17868,0,0,0,0
2026-03-02T10:10:00+08:00,1.17867,1.17868,1.17843,1.17855,0,0,0,0
2026-03-02T10:15:00+08:00,1.17853,1.17858,1.17817,1.17817,0,0,0,0
2026-03-02T10:20:00+08:00,1.17818,1.17846,1.17809,1.1783,0,0,0,0
2026-03-02T10:25:00+08:00,1.17824,1.17842,1.17822,1.17835,0,0,0,0
2026-03-02T10:30:00+08:00,1.17834,1.17858,1.17832,1.17854,0,0,0,0
2026-03-02T10:35:00+08:00,1.17854,1.17879,1.17841,1.17876,0,0,0,0
2026-03-02T10:40:00+08:00,1.17875,1.1789,1.17859,1.1786,0,0,0,0
2026-03-02T10:45:00+08:00,1.17863,1.17878,1.17848,1.17849,0,0,0,0
2026-03-02T10:50:00+08:00,1.17848,1.1788,1.17848,1.17879,0,0,0,0
2026-03-02T10:55:00+08:00,1.17882,1.17894,1.17864,1.17886,0,0,0,0
2026-03-02T11:00:00+08:00,1.17887,1.17916,1.17883,1.17916,0,0,0,0
2026-03-02T11:05:00+08:00,1.17915,1.17941,1.17905,1.17908,0,0,0,0
2026-03-02T11:10:00+08:00,1.17907,1.17917,1.17897,1.1791,0,0,0,0
2026-03-02T11:15:00+08:00,1.17909,1.1792,1.17903,1.17919,0,0,0,0
2026-03-02T11:20:00+08:00,1.17918,1.17939,1.17918,1.17924,0,0,0,0
2026-03-02T11:25:00+08:00,1.17924,1.17958,1.17922,1.17942,0,0,0,0
2026-03-02T11:30:00+08:00,1.17943,1.17955,1.17917,1.17917,0,0,0,0
2026-03-02T11:35:00+08:00,1.17918,1.1793,1.17907,1.17916,0,0,0,0
2026-03-02T11:40:00+08:00,1.17915,1.17939,1.17907,1.17928,0,0,0,0
2026-03-02T11:45:00+08:00,1.17927,1.17935,1.17905,1.1792,0,0,0,0
2026-03-02T11:50:00+08:00,1.17918,1.17925,1.17905,1.17907,0,0,0,0
2026-03-02T11:55:00+08:00,1.17909,1.1791,1.17882,1.17888,0,0,0,0
2026-03-02T12:00:00+08:00,1.17889,1.17905,1.17885,1.17899,0,0,0,0
2026-03-02T12:05:00+08:00,1.17896,1.179,1.1787,1.17873,0,0,0,0
2026-03-02T12:10:00+08:00,1.17875,1.1788,1.17871,1.17878,0,0,0,0
2026-03-02T12:15:00+08:00,1.1788,1.17889,1.17852,1.17852,0,-1,0,0
2026-03-02T12:20:00+08:00,1.17851,1.17868,1.17835,1.17854,0,0,0,0
2026-03-02T12:25:00+08:00,1.17855,1.17872,1.1785,1.17869,0,0,0,0
2026-03-02T12:30:00+08:00,1.1787,1.17877,1.17858,1.17869,0,-1,0,0
2026-03-02T12:35:00+08:00,1.17868,1.17878,1.17841,1.17847,0,0,0,0
2026-03-02T12:40:00+08:00,1.17845,1.1786,1.17828,1.17835,0,0,0,0
2026-03-02T12:45:00+08:00,1.17837,1.1784,1.17817,1.17836,0,0,0,0
2026-03-02T12:50:00+08:00,1.17835,1.17846,1.17826,1.17844,0,0,0,0
2026-03-02T12:55:00+08:00,1.17842,1.17864,1.17833,1.17863,0,0,0,0
2026-03-02T13:00:00+08:00,1.17864,1.17864,1.17816,1.17816,0,0,0,0
2026-03-02T13:05:00+08:00,1.17815,1.17819,1.17784,1.1779,0,0,0,0
2026-03-02T13:10:00+08:00,1.1779,1.17794,1.17757,1.17758,0,0,0,0
2026-03-02T13:15:00+08:00,1.17757,1.17766,1.17747,1.17764,0,0,0,0
2026-03-02T13:20:00+08:00,1.17763,1.17767,1.17742,1.17766,0,0,0,0
2026-03-02T13:25:00+08:00,1.17765,1.17774,1.17747,1.17755,0,0,0,0
2026-03-02T13:30:00+08:00,1.17756,1.1779,1.17756,1.17788,0,0,0,0
2026-03-02T13:35:00+08:00,1.17789,1.17794,1.17767,1.17771,0,0,0,0
2026-03-02T13:40:00+08:00,1.1777,1.1777,1.17736,1.17738,0,0,0,0
2026-03-02T13:45:00+08:00,1.17739,1.17741,1.17705,1.17708,0,0,0,0
2026-03-02T13:50:00+08:00,1.17709,1.17736,1.17706,1.17714,0,0,0,0
2026-03-02T13:55:00+08:00,1.17715,1.17719,1.17661,1.17664,0,0,0,0
2026-03-02T14:00:00+08:00,1.17665,1.17667,1.17565,1.17582,0,0,0,0
2026-03-02T14:05:00+08:00,1.17582,1.17614,1.1758,1.17599,0,0,0,0
2026-03-02T14:10:00+08:00,1.17598,1.17599,1.17531,1.17534,0,0,0,0
2026-03-02T14:15:00+08:00,1.17535,1.17549,1.17504,1.17529,0,0,0,0
2026-03-02T14:20:00+08:00,1.17529,1.17535,1.1741,1.17411,0,0,0,0
2026-03-02T14:25:00+08:00,1.17412,1.17445,1.17366,1.17411,0,0,0,0
2026-03-02T14:30:00+08:00,1.17413,1.17429,1.17378,1.17388,0,0,0,0
2026-03-02T14:35:00+08:00,1.17387,1.17431,1.17367,1.17372,0,0,0,0
2026-03-02T14:40:00+08:00,1.17371,1.17372,1.17313,1.17326,0,0,0,0
2026-03-02T14:45:00+08:00,1.17332,1.17391,1.17314,1.17391,0,0,0,0
2026-03-02T14:50:00+08:00,1.1739,1.1739,1.17313,1.17318,0,0,0,0
2026-03-02T14:55:00+08:00,1.17315,1.17336,1.17302,1.17324,0,0,0,0
2026-03-02T15:00:00+08:00,1.17322,1.17342,1.17249,1.17263,0,0,0,0
2026-03-02T15:05:00+08:00,1.17263,1.17274,1.17225,1.17235,0,0,0,0
2026-03-02T15:10:00+08:00,1.17239,1.17287,1.17227,1.17249,0,0,0,0
2026-03-02T15:15:00+08:00,1.17247,1.17278,1.17175,1.17195,0,0,0,0
2026-03-02T15:20:00+08:00,1.17194,1.17262,1.17159,1.17259,0,0,0,0
2026-03-02T15:25:00+08:00,1.17261,1.17272,1.17219,1.17229,0,0,0,0
2026-03-02T15:30:00+08:00,1.1723,1.17276,1.17198,1.17202,0,0,0,0
2026-03-02T15:35:00+08:00,1.17203,1.17246,1.17123,1.17168,0,0,0,0
2026-03-02T15:40:00+08:00,1.17169,1.17182,1.17123,1.17153,0,0,0,0
2026-03-02T15:45:00+08:00,1.17155,1.17156,1.17078,1.17082,0,0,0,0
2026-03-02T15:50:00+08:00,1.17078,1.17117,1.17035,1.17109,0,0,0,0
2026-03-02T15:55:00+08:00,1.17109,1.1717,1.17099,1.17161,0,0,0,0
2026-03-02T16:00:00+08:00,1.17165,1.17232,1.17154,1.17158,0,0,0,0
2026-03-02T16:05:00+08:00,1.17161,1.17167,1.17105,1.17147,0,0,0,0
2026-03-02T16:10:00+08:00,1.17146,1.17174,1.17114,1.17151,0,0,0,0
2026-03-02T16:15:00+08:00,1.17152,1.17162,1.17092,1.17106,0,0,0,0
2026-03-02T16:20:00+08:00,1.17105,1.17111,1.17035,1.17042,0,0,0,0
2026-03-02T16:25:00+08:00,1.17041,1.17066,1.17017,1.17024,0,0,0,0
2026-03-02T16:30:00+08:00,1.17025,1.1704,1.16981,1.17036,0,0,0,0
2026-03-02T16:35:00+08:00,1.17037,1.17046,1.16984,1.17013,0,0,0,0
2026-03-02T16:40:00+08:00,1.17014,1.17137,1.16993,1.17113,0,0,0,0
2026-03-02T16:45:00+08:00,1.17116,1.17191,1.17105,1.17173,0,0,0,0
2026-03-02T16:50:00+08:00,1.17177,1.17239,1.17173,1.17235,0,0,0,0
2026-03-02T16:55:00+08:00,1.17236,1.17238,1.17212,1.17226,0,0,0,0
2026-03-02T17:00:00+08:00,1.17224,1.17315,1.17211,1.17308,0,0,0,0
2026-03-02T17:05:00+08:00,1.17309,1.17375,1.17306,1.17344,0,0,0,0
2026-03-02T17:10:00+08:00,1.17347,1.17399,1.17346,1.17399,0,0,0,0
2026-03-02T17:15:00+08:00,1.17405,1.17437,1.17371,1.17414,0,0,0,0
2026-03-02T17:20:00+08:00,1.17415,1.17419,1.17364,1.17364,0,0,0,0
2026-03-02T17:25:00+08:00,1.17366,1.1739,1.17332,1.17372,0,0,0,0
2026-03-02T17:30:00+08:00,1.1737,1.17425,1.17365,1.17394,0,0,0,0
2026-03-02T17:35:00+08:00,1.17395,1.17413,1.17369,1.17372,0,0,0,0
2026-03-02T17:40:00+08:00,1.17373,1.17394,1.17339,1.1739,0,0,0,0
2026-03-02T17:45:00+08:00,1.17388,1.17397,1.1735,1.17388,0,0,0,0
2026-03-02T17:50:00+08:00,1.17389,1.17395,1.17313,1.17327,0,0,0,0
2026-03-02T17:55:00+08:00,1.17328,1.17355,1.17322,1.1733,0,0,0,0
2026-03-02T18:00:00+08:00,1.17329,1.17398,1.17329,1.17369,0,0,0,0
2026-03-02T18:05:00+08:00,1.17371,1.17373,1.17329,1.17356,0,0,0,0
2026-03-02T18:10:00+08:00,1.17357,1.17373,1.17329,1.17352,0,0,0,0
2026-03-02T18:15:00+08:00,1.17351,1.17439,1.17346,1.17433,0,0,0,0
2026-03-02T18:20:00+08:00,1.17434,1.17473,1.17426,1.17456,0,0,0,0
2026-03-02T18:25:00+08:00,1.17455,1.17468,1.17439,1.17457,0,0,0,0
2026-03-02T18:30:00+08:00,1.17455,1.17469,1.17436,1.17439,0,0,0,0
2026-03-02T18:35:00+08:00,1.17438,1.17455,1.174,1.17433,0,0,0,0
2026-03-02T18:40:00+08:00,1.17431,1.17459,1.17415,1.17454,0,0,0,0
2026-03-02T18:45:00+08:00,1.17455,1.17462,1.17393,1.17403,0,0,0,0
2026-03-02T18:50:00+08:00,1.17401,1.17401,1.17361,1.17374,0,0,0,0
2026-03-02T18:55:00+08:00,1.1738,1.17389,1.1735,1.17387,1,0,0,0
2026-03-02T19:00:00+08:00,1.17389,1.17398,1.17343,1.17354,0,0,0,0
2026-03-02T19:05:00+08:00,1.17357,1.17373,1.17321,1.17345,0,0,0,0
2026-03-02T19:10:00+08:00,1.17343,1.17344,1.17321,1.17339,0,0,0,0
2026-03-02T19:15:00+08:00,1.17341,1.17344,1.17287,1.17299,0,0,0,0
2026-03-02T19:20:00+08:00,1.173,1.17302,1.17273,1.173,0,0,0,0
2026-03-02T19:25:00+08:00,1.17299,1.17334,1.17272,1.17274,0,0,0,0
2026-03-02T19:30:00+08:00,1.17273,1.17304,1.17263,1.17303,0,0,0,0
2026-03-02T19:35:00+08:00,1.17302,1.17345,1.17298,1.17337,0,0,0,0
2026-03-02T19:40:00+08:00,1.17338,1.17344,1.17317,1.17339,0,0,0,0
2026-03-02T19:45:00+08:00,1.17338,1.17412,1.17326,1.17403,0,0,0,0
2026-03-02T19:50:00+08:00,1.17402,1.17406,1.17355,1.17355,0,0,0,0
2026-03-02T19:55:00+08:00,1.17356,1.17365,1.1732,1.17332,0,0,0,0
2026-03-02T20:00:00+08:00,1.17334,1.17339,1.17301,1.17329,0,0,0,0
2026-03-02T20:05:00+08:00,1.17328,1.17334,1.17266,1.1727,0,0,0,0
2026-03-02T20:10:00+08:00,1.17269,1.17284,1.17248,1.17254,0,0,0,0
2026-03-02T20:15:00+08:00,1.17252,1.17265,1.17191,1.17195,0,0,0,0
2026-03-02T20:20:00+08:00,1.17192,1.17225,1.17177,1.17207,0,0,0,0
2026-03-02T20:25:00+08:00,1.17208,1.17237,1.17192,1.17197,0,0,0,0
2026-03-02T20:30:00+08:00,1.17196,1.17204,1.17177,1.17197,0,0,0,0
2026-03-02T20:35:00+08:00,1.17201,1.17216,1.17163,1.17198,0,0,0,0
2026-03-02T20:40:00+08:00,1.172,1.17209,1.1713,1.17139,0,0,0,0
2026-03-02T20:45:00+08:00,1.17138,1.17147,1.17049,1.17086,0,0,0,0
2026-03-02T20:50:00+08:00,1.17085,1.17091,1.1706,1.17063,0,0,0,0
2026-03-02T20:55:00+08:00,1.17058,1.17058,1.17021,1.17039,0,0,0,0
2026-03-02T21:00:00+08:00,1.17041,1.17101,1.17033,1.17035,0,0,0,0
2026-03-02T21:05:00+08:00,1.17039,1.17042,1.16968,1.16976,0,0,0,0
2026-03-02T21:10:00+08:00,1.16978,1.17067,1.16971,1.17057,1,0,0,0
2026-03-02T21:15:00+08:00,1.17058,1.17121,1.17053,1.17112,0,0,0,0
2026-03-02T21:20:00+08:00,1.1711,1.17135,1.17085,1.17125,0,0,0,0
2026-03-02T21:25:00+08:00,1.17118,1.17185,1.17117,1.17158,0,0,0,0
2026-03-02T21:30:00+08:00,1.17157,1.17161,1.17086,1.17092,0,0,0,0
2026-03-02T21:35:00+08:00,1.17094,1.17104,1.17019,1.1704,0,0,0,0
2026-03-02T21:40:00+08:00,1.17041,1.17066,1.17006,1.17025,0,0,0,0
2026-03-02T21:45:00+08:00,1.17024,1.17089,1.17019,1.17042,0,0,0,0
2026-03-02T21:50:00+08:00,1.17044,1.17048,1.16993,1.16999,0,0,0,0
2026-03-02T21:55:00+08:00,1.17,1.17008,1.16953,1.16984,0,0,0,0
2026-03-02T22:00:00+08:00,1.16984,1.16997,1.16951,1.16972,0,0,0,0
2026-03-02T22:05:00+08:00,1.16971,1.17114,1.16971,1.17085,0,0,0,0
2026-03-02T22:10:00+08:00,1.17079,1.1708,1.17029,1.17033,0,0,0,0
2026-03-02T22:15:00+08:00,1.17034,1.17076,1.16985,1.17072,1,0,0,0
2026-03-02T22:20:00+08:00,1.17071,1.171,1.17022,1.17049,0,0,0,0
2026-03-02T22:25:00+08:00,1.17046,1.17071,1.1703,1.17047,0,0,0,0
2026-03-02T22:30:00+08:00,1.17045,1.17157,1.17022,1.17153,0,0,0,0
2026-03-02T22:35:00+08:00,1.17153,1.17194,1.17141,1.17148,0,0,0,0
2026-03-02T22:40:00+08:00,1.17149,1.17196,1.17141,1.17174,0,0,0,0
2026-03-02T22:45:00+08:00,1.17174,1.17196,1.17152,1.17188,0,0,0,0
2026-03-02T22:50:00+08:00,1.17187,1.17238,1.17169,1.17198,0,0,0,0
2026-03-02T22:55:00+08:00,1.17198,1.17221,1.1714,1.17175,0,0,0,0
2026-03-02T23:00:00+08:00,1.17126,1.17161,1.17102,1.17161,0,0,0,0
2026-03-02T23:05:00+08:00,1.17162,1.17163,1.17083,1.17094,0,-1,0,0
2026-03-02T23:10:00+08:00,1.17095,1.17119,1.17062,1.17064,0,0,0,0
2026-03-02T23:15:00+08:00,1.17062,1.17071,1.17031,1.17041,0,0,0,0
2026-03-02T23:20:00+08:00,1.17041,1.17057,1.1701,1.17039,0,0,0,0
2026-03-02T23:25:00+08:00,1.17038,1.17063,1.17019,1.17022,0,0,0,0